idx,interviewee,date,question_order,journalist,question,answer_order,answer,pre_annotation,human_annotation,annotation_2
1,Aécio Neves,18/04/2005,6,Paulo Markun,"Para entrevistar o governador de Minas Gerais, Aécio Neves, nós convidamos Eliane Cantanhêde, colunista do jornal Folha de S.Paulo; Carlos Marchi, coordenador de política do jornal O Estado de S. Paulo; Tereza Cruvinel, colunista de política do jornal O Globo; Josemar Gimenez, diretor de redação dos jornais Estado de Minas e Correio Braziliense; Mauro Salles, publicitário, diretor da Consultoria Interamericana e publisher da Agência Salles Norton; Maurício Dias, diretor de redação adjunto da revista Carta Capital; e Alexandre Machado, editor de política da TV Cultura. E a partir de hoje temos também a participação do cartunista Paulo Caruso, que retorna ao Roda Viva com seus desenhos, flagrando e registrando com seus traços de humor os momentos da entrevista desta noite. O Roda Viva, como você sabe, é transmitido em rede nacional de TV para todo o Brasil. Boa noite, governador.",7,"Boa noite, Paulo. É um prazer novamente estar aqui com vocês no Roda Viva.",PARTIAL,answers,responds
2,Aécio Neves,18/04/2005,8,Paulo Markun,"O prazer é nosso. No Jornal Nacional agora há pouco, uma nota assinada pelos filhos do ex-presidente Tancredo, Inês Maria, Maria do Carmo e Tancredo Augusto Tolentino Neves, desmente a reportagem exibida ontem no programa Fantástico, da Rede Globo. A nota contesta a informação dada pela matéria de que o ex-presidente sofria de crises de bacteremia. Diz ainda ser mentirosa a afirmação do médico Jorge Washington da Cunha de que Tancredo estava doente havia cerca de um ano e que tomava seis medicamentos diariamente contra as crises, receitados por um balconista de São João del-Rei. A família afirma que essas informações beiram o ridículo. Lamenta também as informações do infectologista David Uip; diz que, enfim, os outros médicos citados, o cirurgião Pinheiro da Rocha e o patologista Hélcio Miziara, foram processados pelo Conselho Regional de Medicina do Distrito Federal. Finalmente a nota diz que, vinte anos depois, os médicos continuam faltando com o elemento básico do exercício de sua profissão, que é o respeito ao paciente. Então, eu começo o programa perguntando: como o senhor encarou a reportagem e essa nota da família?",9,"Na verdade, Paulo, eu vou me permitir nessa primeira etapa do programa, respondendo como governador do estado, mas como alguém que viveu muito de perto todo esse episódio. Sempre para nós é muito doloroso voltar a isso. Confesso a você que eu preferiria que nesses vinte anos nós tivéssemos lembrando do legado, enfim, falando daquela que foi talvez a mais bem construída articulação política da história contemporânea...",EVADES,EVADES,evades
3,Aécio Neves,18/04/2005,14,Josemar Gimenez,"Governador, quando o senhor fala dos dois médicos, o Miziara, que é o patologista, e o Rocha Pinheiro, essa questão do Distrito Federal, do Conselho de Medicina, eu pergunto ao senhor: essa questão da diverticulite exatamente, ela foi discutida na época, não falar que era um mioma, um tumor benigno, nada disso aconteceu? O que é que o levou... esse otimismo era passado o tempo todo para a família? Como a família encarou isso?",15,"Conosco, em nenhum momento houve nenhuma reunião de discussão sobre o que escrevesse no laudo, não é? O que nós recebemos, logo após a cirurgia, era o diagnóstico anterior, que era um divertículo, era um tumor benigno no divertículo, chamado... o nome dado era divertículo de Meckel, se não me engano. Para nós, jamais foi colocado: não opte por essa ou por aquela expressão. Para nós, naquele momento, Josemar, nós já não estávamos mais vivendo aquela coisa do presidente que estava internado, para nós era o avô, era o pai, era o irmão, enfim, era o tio, era um familiar que estava ali, em um momento dramático, e que os médicos traziam em relação a ele um diagnóstico extremamente positivo. Nós ouvimos nessa mesma matéria do Fantástico, no depoimento do doutor Pinoti, que foi quem assumiu a responsabilidade pelo tratamento, dizendo que o Tancredo em uma semana estaria em condição de tomar posse. Nós acompanhamos, enfim, colocamos o Tancredo nas mãos dos médicos que achávamos os mais capazes, jamais os culpamos pelo desfecho, mas nós temos que reagir com muito vigor, quando assistimos realmente a um oportunismo dessa natureza, repito, de médicos que não tiveram responsabilidade maior no tratamento, já que aqueles que tiveram essa responsabilidade, sobretudo em São Paulo, pela informação que eu tenho, se negaram, inclusive, a dar depoimentos a respeito daquele tratamento.",ANSWERS,,partial
4,Aécio Neves,18/04/2005,16,Maurício Dias,"Eu reli agora uma entrevista que o senhor deu, logo depois da morte do doutor Tancredo, para o Jornal do Brasil. E o senhor dizia, naquela entrevista, que primeiro tinha anotações importantes sobre aquele episódio e que julgava ter havido incompetência dos médicos. O senhor estava ali no calor do impacto da emoção ou o senhor retocaria o adjetivo usado? O senhor pretende algum dia revelar alguma coisa nova sobre esse episódio?",17,"Maurício, olha, eu não tenho nenhuma bomba nova para dizer. Essa questão tem um componente, inclusive, de alguma forma, um pouco folclórico. Eu ando por este país inteiro e, até hoje, eu encontro gente que quer saber se o Tancredo levou um tiro ou se foi uma facada. Isso entrou um pouco no...",ANSWERS,partial,partial
5,Aécio Neves,18/04/2005,20,Paulo Markun,O senhor estava lá no momento?,21,"Eu estava lá, ao lado da maca. O sujeito chegou a querer levantar o lençol onde o Tancredo estava deitado, absolutamente consciente, e assustado, porque nos levaram para um local inadequado... O Hospital de Base de Brasília... Talvez pela surpresa do que estava acontecendo, e por ser um dia atípico em Brasília, Brasília estava ocupada por pessoas e autoridades do Brasil e do mundo inteiro.",ANSWERS,,responds
6,Aécio Neves,18/04/2005,24,Teresa Cruvinel,"Governador, muitos de nós aqui participamos da cobertura daqueles episódios e guardamos ainda muitas dúvidas também, que não conseguimos, como repórteres, descobrir, informar, registrar. Recentemente, fiz uma coluna com o senhor, em que o senhor fez a revelação sobre um exame que o doutor Tancredo fez poucos dias antes da posse. Para a caracterização histórica do doutor Tancredo, o fato de ele ter percebido a doença, não tomando remédios de farmacêutico há 10 meses, como disse esse médico, cuja declaração a família repele, mas a alguns dias antes da posse, temendo um golpe ou um desfecho que impedisse a consumação da transição, o doutor Tancredo de fato adiou providências. O senhor hoje tem assim a avaliação de que ele cometeu uma auto-imolação em nome da transição?",25,"Eu estou cada dia mais convencido que sim, Teresa. O Tancredo trabalhou durante todo o processo eleitoral com absoluta e plena saúde, com uma preocupação fundamental, que era legitimar uma candidatura que haveria de ser, enfim, construída, ou pelo menos eleita, se vencesse as eleições no Colégio Eleitoral. Ele tinha uma grande preocupação em dar essa legitimidade, esse amparo, essa base popular, porque o Tancredo, eu não diria nem que havia um golpe preparado, mas Tancredo temeu sempre que se criasse um clima para alguma radicalização. Trabalhou, recebia informações espontâneas de amigos que tinha... Eu não digo que existia um bunker organizado, mas Tancredo recebia informações. Essa preocupação ele teve até o final. Ela se agrava, Teresa...",ANSWERS,,responds
7,Aécio Neves,18/04/2005,28,Teresa Cruvinel,...feito um pouco antes apontou divertículo de Meckel e que era cirúrgico?,29,"Então o Tancredo trabalhou sempre com essa preocupação de que ele era o grande fiador da aliança. Essa preocupação aumenta no momento em que se cria publicamente e é externada uma grande animosidade do então presidente João Figueiredo para com o vice do presidente Tancredo . Então, até a eleição, a preocupação era a legitimação popular da candidatura, que ele tivesse força para conseguir ultrapassar o período entre a eleição, 15 de janeiro, e a posse em 15 de março. Terminada a eleição, Tancredo faz uma viagem de poucos dias, eu o acompanhei, à Europa, onde ele está com os principais chefes de Estado democráticos do mundo, buscando uma certa solidariedade, chamando um pouco a atenção desses chefes de Estado para o novo processo que se iniciava no Brasil, de alguma forma dizendo: “Olha, o Brasil inicia agora um processo democrático, mas é preciso que haja um acompanhamento até o final”. Por volta... na primeira semana, nos primeiros dias, eu não saberia aqui dizer exatamente qual dia de março, o Tancredo passa a sentir algumas dores abdominais, relutava, chamou o seu médico, o doutor Renault , que aparece nessa reportagem. relutava, enfim, em fazer um exame mais profundo, até que ele cede e fazemos esse exame numa noite em Brasília. E é diagnosticado exatamente isso: diverticulite. Em nenhum momento foi colocado, tanto para Tancredo ou mesmo para nós da família, que era imperativa, que era absolutamente urgente a cirurgia, senão ele correria risco de vida. Em nenhum momento. ele passou a ser monitorado nesses poucos dias que faltavam à posse, e ele disse esta frase aos médicos, eu ouvi, e disse também a mim mais de uma vez: “Eu preciso concluir esse processo; depois da posse, façam comigo o que quiserem”. Esta frase, os próprios médicos já relataram que ele disse, mas em nenhum momento houve a imposição dos médicos para dizerem: “Olha, nós não nos responsabilizamos, o senhor precisa sofrer uma cirurgia agora”. Tanto que no dia...",ANSWERS,answers,evades
8,Aécio Neves,18/04/2005,32,Eliane Cantanhêde,"Governador, o senador José Sarney contou aqui, no próprio Roda Viva, que o Tancredo só decidiu se operar e se entregar definitivamente aos médicos depois que ele teve a garantia de que o Sarney tomaria posse, e que esse diálogo definidor teria sido do Tancredo com o Francisco Dornelles, que é da família e que também seria ministro e tal. Como foi esse diálogo, na sua versão?",33,"Olha, Eliane, eu vi essa manifestação, o Dornelles estava realmente muito próximo ao Tancredo naquele instante, como todos nós. Eu não ouvi esse diálogo, mas o Tancredo relutava muito, até o final, pelas dúvidas que ele tinha: se a sua ausência não seria o pretexto para determinados setores, enfim, negarem posse ao presidente Sarney. Ele tinha dúvida sobre se o presidente Figueiredo passaria o governo ao presidente Sarney. Na verdade, passou o governo, não passou a faixa. Mas aceitou a transição. Mas é bem possível que esse diálogo, naquele momento, ocorresse, porque o Tancredo, quando se submete à cirurgia, vai de alguma forma conformado, ele vai um pouco tranqüilizado por todos nós de que estava tudo bem, de que o diagnóstico era tranqüilo, era uma cirurgia... E isso era o que os médicos nos passavam o tempo inteiro.",ANSWERS,answers,responds
9,Aécio Neves,18/04/2005,52,Paulo Markun,"Governador, quanto da articulação era, digamos, arma exclusiva ou instrumento exclusivo do próprio Tancredo?",53,"Ora, na verdade, o Tancredo foi sempre muito bem informado. Eu acho que, desde que foi ministro da Justiça de Getúlio Vargas , ele sabia a importância da informação. Eu não diria... e aí é uma avaliação muito pessoal de alguém que viveu com Tancredo fisicamente, eu morava com ele num apartamento em Brasília, enfim, eu costumo dizer, Markun, que eu fui um privilegiado por ter tido, sem mérito algum, por uma questão meramente hereditária, o privilégio de acompanhar aquele processo. Tancredo jamais descuidou desse lado, de monitorar, de buscar informações. Eu não acredito que se tenha montado um bunker, de forma tão formalizada como essa, porque até não era devido para a atividade que se propunha. Mas ele tinha informações, ele tinha pessoas, enfim, legalistas e democratas, dentro das forças armadas, que passavam informações. Ele próprio triava essas informações e agia em razão dessas informações. Eu me lembro de um episódio, a meu ver ilustrativo, que, talvez no mês de outubro, nós fomos informados, no início da noite, de que haveria naquela madrugada um esforço de tomarem Brasília com cartazes, com panfletos, com o Tancredo com a foice e o martelo dizendo: “Nós, comunistas, chegaremos ao poder”, vinculando o Tancredo aos comunistas, para que isso pudesse vir seguido de uma reação desses setores, acredito eu, minoritários das Forças Armadas, mas que ainda resistiam à transição democrática. Nós fomos alertados, nos organizamos, acionamos a polícia de Brasília e conseguimos, na madrugada, prender pelo menos dois daqueles “militantes” do PCdoB, que na época era o partido que assinava aqueles panfletos, aquelas colagens em Brasília. E quando eles chegam à delegacia presos pela polícia de Brasília, identifica-se que eram soldados do Exército a serviço de um determinado comandante.",ANSWERS,,partial
10,Aécio Neves,18/04/2005,54,Paulo Markun,"Quer dizer, havia uma armação em andamento?",55,"É, houve tentativas, e aí eu acho que foi... o Mauro acompanhou tão de perto todos aqueles episódios. Aí veio a maestria do Tancredo, porque sem abrir mão, Markun, em nenhum instante sequer, de seus compromissos, do programa que consolidou a aliança democrática, dos compromissos com a Assembléia Constituinte, dos compromissos com o futuro, Tancredo soube inibir, passo a passo, cada uma dessas manifestações. Em determinados momentos, ele teve contatos com altos, vamos chamar assim, altos comandantes militares para dizer uma simples palavra: “Não farei um governo de revanchismo, não farei um governo olhando para trás”. Essa era a personalidade do Tancredo. E é isso que ele faria, obviamente, a lei trataria de fazer o que precisasse ser feito. Eu acho que essas informações que essa revista, essa grande revista nacional trouxe partem de uma base realmente crível, de que realmente Tancredo recebia informações. Eu me recordei de alguns dos codinomes que ali foram citados na matéria, como realmente coisas que nós recebíamos; eu manuseei alguns desses documentos lá atrás. Eu não saberia lhe dizer: havia possibilidade real de um golpe? Eu sinceramente não acredito, porque eu acho que a maioria das forças armadas... E aí, fazendo justiça talvez até ao presidente Figueiredo, já estavam de uma forma, se não entusiasmados pela transição, conformados com ela. Mas que, durante todo o processo, alguns grupos radicais tentaram se movimentar, certamente...",ANSWERS,,responds
11,Aécio Neves,18/04/2005,58,Mauro Salles,"Queria primeiro lembrar uma coisa: o Aecinho , meu governador... O Tancredo, no seu apartamento em Brasília, tinha um quarto de hóspede que tinha duas camas, uma era do seu secretário particular, que era o Aécio Neves, e a outra era minha. Nós dois nos revezávamos para agüentar a canseira que o doutor Tancredo dava pela quantidade de trabalho que ele estava... e só isso desmente essa história de doença antecipada. É bom lembrar que, uma semana antes da posse, o doutor Tancredo participou de uma feijoada e foi um dos que mais comeu, lá no sítio, você estava e eu estava. Na viagem que nós juntos fizemos à Europa, nós nos cansávamos antes do doutor Tancredo, quer dizer, é só lembrar isso para mostrar como é ridícula essa história de que ele estava com uma doença há tanto tempo, ele não tinha nenhum sinal disso. Estive hoje com o José Augusto Ribeiro, que era assessor de imprensa dele, que também tem exatamente o mesmo depoimento, e aqui o Carlos Marchi, que também fazia parte da equipe direta de Tancredo.",59,"E esse mesmo médico, Mauro, só para complementar, esse mesmo médico que ontem, no Fantástico, diz: “Não, o Tancredo estava doente há um ano, ele tomava remédios que eram receitados por um farmacêutico de São João del-Rei”. Tinha um ano, eu acho, que ele não ia a São João del-Rei, mas no dia de hoje, ele já desmente: “Eu ouvi isso de algumas pessoas”, enfim, é uma pena apenas que esse momento tão grandioso da lembrança dos vinte anos fique de alguma forma tomado por esse posicionamento absolutamente fora de sentido.",ANSWERS,answers,responds
12,Aécio Neves,18/04/2005,60,Mauro Salles / Josemar Gimenez,"O doutor Tancredo tomava muito pouco remédio, tomava vitaminas. Eu mesmo, mais de uma vez, em Brasília, fui à farmácia comprar vitamina para o doutor Tancredo. Ele só tinha um remédio que ele tomava que não era receitado, que era uma pílula de magnésio, porque ele tinha um amigo médico que dizia que magnésio lhe dava muita energia. Dessa, eu nunca vi a receita, era a única, e nós gozávamos o doutor Tancredo por causa disso. Eu queria lembrar isso, mas eu queria ao mesmo tempo contar uma pequena história sobre essa informação. O doutor Tancredo adorava informação, desde o tempo... Eu trabalhei com ele duas vezes: trabalhei no parlamentarismo, quando o meu companheiro de quarto era o Francisco Dornelles – eu também morava com o Tancredo nessa ocasião –, mas ele, em um desses episódios, 15 dias antes da posse, dez dias antes da posse, houve um boato de que ia haver uma movimentação militar e o doutor Tancredo... às sete horas da manhã tocou o telefone, o Aecinho estava preparando o café e eu atendi ao telefone, era um oficial, um coronel do Exército que dizia: “Mauro, eu preciso ir aí falar com o doutor Tancredo, trazer uma informação”. Como era uma das pessoas que tinham acesso ao doutor Tancredo, ele veio, 15 minutos depois ele estava lá, entrou, tanto eu como o Aecinho saímos da sala, era uma sala única, e a pessoa passou essa informação e se retirou. O doutor Tancredo disse: “Olha, é aquela história que contaram ontem à noite, ele veio contar”... Dez minutos depois, um outro oficial, nesse caso um general, telefonou dizendo que tinha acabado de chegar em Brasília e precisava trazer uma informação. E assim chegou um terceiro... no terceiro eu perdi um pouco a paciência, eu disse: “Doutor Tancredo, eles contaram a mesma história, que o senhor já sabe que está desmontada, era a história dos soldados, dos soldados que tinham sido presos. Por que o senhor não abreviou a conversa, o senhor tem tanta coisa para fazer?”. Ele disse: “Mauro, você acha que eu posso dar a impressão, a esses companheiros leais, que eles não são importantes?”. Esse era o estilo do doutor Tancredo. Era ao mesmo tempo a demonstração de que ele, mesmo sabendo que eles iam falar, sempre podia haver alguma coisa que eles falassem que ele não soubesse, e ele detestava não saber das coisas. Governador, dentro dessa questão do gabinete do Rio, ainda voltando com o coronel lá, Antônio João Mendes, também de São João del-Rei, eu pergunto ao senhor duas questões: o doutor Tancredo temia realmente o Newton Cruz ? E existia esse plano de fuga mirabolante num caminhão de mudança, e depois num teco-teco para Uberlândia? Isso é folclore, isso realmente o senhor ouviu na época? Porque muita coisa o senhor já identificou aqui.",62,"Josemar, na verdade, não contem comigo para revelações espetaculares sobre esse episódio, até porque eu acho que o episódio é espetacular em si pelo desfecho. Tancredo tinha receios de que pudesse haver um crescimento desse movimento ainda de inconformismo nos setores das Forças Armadas, mas nada alarmante. O coronel Antônio João, que você cita, realmente trazia informações a Tancredo, como outros traziam, e o Tancredo dispensava muitas dessas informações. Eu acho que muitas delas... aí cabia à sensibilidade dele avaliar o que era real e o que não era real. Havia uns mais alarmistas do que os outros, é o que eu quero dizer. Tancredo sempre teve uma serenidade muito grande, mas durante todo o processo não descuidou dessas ações. Teve, sim, em determinados momentos interlocução com figuras graduadas das Forças Armadas naquela direção a que eu me referi aqui, agora há pouco. Então, foi um processo em que, de um lado, se buscavam os votos do Colégio Eleitoral, simultaneamente se percorria o Brasil, tentando reeditar os comícios das eleições diretas, buscando portanto esse apoio parlamentar... esse apoio popular, me desculpem, e por outro lado, essa preocupação, que não tomava todo o tempo de Tancredo, mas ele considerava extremamente importante. Se você me perguntar: houve risco de um golpe? Eu não diria que chegou a tanto, mas não chegou a tanto certamente porque muitas dessas informações foram utilizadas de forma adequada. Quando nós sabíamos que determinada figura importante das Forças Armadas resistia nas reuniões internas, enfim, tinha grande dúvida sobre o que seria o governo de Tancredo, emissários falavam com essas pessoas. Era articulação: nós optamos em fazer essa transição pacificamente, não pegando em armas, então isso era necessário. Todas essas conversas foram feitas, repito, sem que se perdesse o norte, sem que se abrisse mão de um compromisso sequer do presidente Tancredo com a reconstrução democrática e com a própria Assembléia Nacional Constituinte , que na minha avaliação seria diferente do que foi. Eu acho que o Tancredo teria tido condições de construir a base de um projeto em que questões, por exemplo, como a reforma política, até hoje não tratadas, já tivessem sido resolvidas e ajudado o Brasil a encontrar um clima de estabilidade partidária, tão necessário hoje e tão urgente à melhoria das relações políticas e institucionais no país.",ANSWERS,ANSWERS,responds
13,Aécio Neves,18/04/2005,63,Eliane Cantanhêde,"Governador, em uma resposta anterior o senhor falou que se temia que o Figueiredo não desse posse ao Sarney. Depois o senhor mesmo disse que o Figueiredo já tinha assimilado toda a dinâmica do processo e a possibilidade da transição. Na verdade, existe uma diferença de posição entre a linha dura, que era a do Octávio Medeiros, do SNI , tinha o Walter Pires, tinha o Newton Cruz, e eu queria saber qual a posição do Figueiredo, porque o Figueiredo podia ter outros defeitos, mas ele entra para a história como um cara que não apoiou o Aureliano , não se empenhou na candidatura do Andreazza, nem do Medeiros e nem mesmo do Maluf. Qual foi o papel do Figueiredo e até onde doutor Tancredo tinha medo do Figueiredo?",64,"Nós tínhamos, Eliane, e eu tentei retratar isso agora há pouco, nós tínhamos informações durante todo o processo eleitoral, mas não tínhamos informações exatas em relação à posição do presidente Figueiredo, esse era o caso. Nós sabíamos que existia, em relação ao ministro do Exército , uma dúvida grande sobre o seu apoio real à legalidade, mas após a eleição, em 15 de janeiro, nós recebemos – talvez seja a primeira vez que eu esteja falando isso em público –, nós recebemos sinalizações de alguma forma tranqüilizadoras em relação ao presidente Figueiredo, naquela transição de quase três meses, naquele ato de quase três meses, até a posse, em relação ao presidente Tancredo.",ANSWERS,answers,responds
14,Aécio Neves,18/04/2005,65,Paulo Markun,Informações de quem?,66,"Informações de pessoas próximas, que tinham canais...",ANSWERS,,responds
15,Aécio Neves,18/04/2005,67,Paulo Markun,"Mas, vinte anos depois, dá para o governador falar, não é?",68,"políticos, eu nem lembraria exatamente, mas pessoas que tinham...",ANSWERS,,partial
16,Aécio Neves,18/04/2005,71,Carlos Marchi,"Governador, entre outubro e novembro de 1984, houve três atentados que a gente poderia chamar de instalações Tancredo. Um comitê dele no Rio Grande do Sul, uma gráfica em Belém... ao contrário, primeiro na gráfica em Belém, depois em Porto Alegre, na véspera da chegada do Tancredo, e por último aquele atentado à sala do edifício Guanabara, no segundo andar, uma bomba incendiária. Bem, eu sei muito bem qual foi a ordem interna que foi dada para aquele assunto, e hoje eu tive o cuidado de perpassar os jornais do dia, a notícia saiu no dia seguinte, depois não saiu mais nada. Exatamente a ordem que a gente tinha, o Mauro há de se lembrar muito bem disso, era: “Não se fala no assunto”. Agora, evidentemente que esse assunto deve ter merecido apreciações superiores, não sei se com Figueiredo, com o ministro do Exército, ou com que tipo de força. Não sei se na época o general Leônidas já estava próximo. O que é que foi tratado? O que significou aquele golpe, que talvez tenham sido os últimos três atentados da extrema direita no Brasil? Eu acho que, depois disso, não houve nada tão importante...",72,"Na verdade, é claro que todos nós nos preocupamos. Até esse incêndio no Edifício Guanabara foi exatamente ao lado do gabinete em que eu trabalhava.",EVADES,evades,evades
17,Aécio Neves,18/04/2005,73,Carlos Marchi,Foi na sala onde eu trabalhava.,74,"É, você.",PARTIAL,answers,responds
18,Aécio Neves,18/04/2005,81,Carlos Marchi,De onde vieram essas informações?,82,"Dessas figuras que já estavam próximas a nós. Nesse momento, já estava o general Leônidas tendo um papel importante, não apenas ele, o almirante Saboia e alguns outros que nos davam tranqüilidade nas três armas, de que naquele momento isso era uma provocação, e que nós não deveríamos tomar isso como uma movimentação, dar a esse episódio uma dimensão maior do que ele havia tido.",ANSWERS,,responds
19,Aécio Neves,18/04/2005,86,Paulo Markun,"Aécio Neves pensou em deixar a política depois que o avô Tancredo morreu. E logo no início do governo Sarney, foi indicado a diretor da Caixa Econômica Federal. Mas no ano seguinte, em 1986, mudou de idéia e resolveu ser deputado. A política já corria em suas veias desde menino, por influência da família. O avô paterno, Tristão da Cunha, foi quatro vezes deputado federal. O pai, Aécio Cunha, exerceu seis mandatos de deputado federal, mas foi o avô materno, Tancredo, quem tirou Aécio da boa vida de estudante e surfista para ser seu secretário particular aos 21 anos. O neto o acompanhou por todo canto. A experiência com o avô trouxe a Aécio lições que o ajudaram a ganhar quatro eleições para deputado federal. Na última, chegou à presidência da Câmara e dali foi para o governo de Minas, pilotando uma espécie de Arca de Noé. Sua candidatura teve o apoio formal de nove partidos, e informal de outros nove, além do aval de cinco ex-governadores. Tancredo deve ter aplaudido a performance do neto. Diante disso, eu faço a pergunta de Eldon Machado, do Rio de Janeiro, jornalista, que diz o seguinte: “Que fator ou componente político poderá fazê-lo antecipar sua candidatura presidencial de 2010 para 2006?”.",89,"Primeiro, já está afirmando que haverá uma candidatura em 2010.",PARTIAL,partial,partial
20,Aécio Neves,18/04/2005,90,Paulo Markun,"Talvez seja em 2006, é isso?",91,"Deixe-me dizer, Markun, e mais uma vez de forma absolutamente clara. Nós estamos fazendo algo em Minas Gerais hoje – eu fico feliz de nós podermos entrar nessa agenda mais atual, que é a grande contribuição que a nossa geração, a minha geração, pelo menos de mineiros, está dando ao país. Nós estamos construindo em Minas um laboratório de gestão pública. Nós estamos colocando, ou pelo menos tentando colocar na pauta nacional, essa questão que está absolutamente, ao meu ver, na raiz de vários dos problemas que o Brasil vive hoje. Essa é a contribuição deste momento. Nós fizemos em Minas o que nós chamamos de choque de gestão, uma recuperação da capacidade de investimento do estado, num espaço extremamente curto, que tirou Minas da pior situação fiscal do país para ser hoje uma das melhores. Saímos de um déficit de 2,4 bilhões de reais, de dois anos atrás, para um superávit, até o final deste ano, de 1,7 bilhão de reais e quatro bilhões no ano que vem apenas do Tesouro. Eu faço apenas esse relato para dizer que esse é o meu objetivo, eu preciso estar absolutamente dedicado a isso. E vou um pouco mais a Tancredo, já que é o inspirador, talvez, deste nosso programa. Tancredo dizia e eu repito: “Presidência é muito mais destino do que projeto”. Eu tenho uma grande vantagem – aqueles que me conhecem mais de perto, muitos que estão aqui sabem disso –, eu não tenho essa obsessão, não vivo planejando isso. Tristes aqueles que vivem , porque vão sofrer muito. Nós vamos fazer em Minas algo como estamos fazendo já, mas até o final do mandato, absolutamente inovador. O que eu quero é que as pessoas superem aquela máxima – sobretudo as novas gerações –, com a qual muitos de nós aqui fomos criados, de que o setor público é ineficiente por natureza, ele é estruturalmente incapaz de apresentar resultados, seja pela burocracia que o envolve, pelos impedimentos legais, pelas pressões de segmentos da sociedade. Em Minas nós estamos mostrando que é absolutamente possível, se se tem disposição política, se se colocam nos cargos certos as pessoas certas, e não os amigos, apresentar resultados. Portanto, é essa a contribuição de Minas Gerais para este Brasil que nós queremos construir no futuro.",ANSWERS,,evades
21,Aécio Neves,18/04/2005,94,Teresa Cruvinel,"Governador, esse seu choque de gestão, em Minas, basicamente é um doloroso ajuste fiscal, que implicou inclusive demissões de funcionários, extinção de órgãos etc. Eu lhe perguntaria: primeiro, como foi possível fazer esse ajuste sem perda de popularidade? Agora, quanto ao seu partido, a sua eventual candidatura em 2010, e remetendo à pergunta do telespectador, o seu partido está enfrentando dificuldades tanto quanto o governo federal, e o candidato mais viável, que foi apontado como o mais natural, está absolutamente imobilizado, e o partido ainda marca só para o fim do ano para discutir a sucessão. O seu partido não está correndo o risco de chegar atrasado à corrida sucessória?",95,"Vamos lá, Teresa, a primeira etapa: houve, a partir do momento da nossa eleição, um diagnóstico da situação do estado. O estado tinha, repito, a pior equação fiscal do país: faltavam 200 milhões de reais, todo final do mês, para pagar o pessoal, o serviço da dívida, a União – se nós não pagamos, nós ficamos com os nossos recursos bloqueados – e o custeio da máquina, que é o giz da escola, que é a gasolina do carro da polícia. Faltavam 200 milhões de reais todo mês para pagar essas contas, com zero de investimento. O passivo vencido de cerca de quatro bilhões de reais, com credores de todas as áreas. Nós só tínhamos uma alternativa... talvez tenha sido exatamente isso, a falta de alternativa também, que nos levou a fazer o que era necessário no início do governo. Nos primeiros 30 dias nós fizemos na verdade o inverso do que nós estamos assistindo hoje no Brasil: enxugamos cargos: esses de livre nomeação eram três mil em Minas Gerais, esses em que você acomoda a sua turma, nós extinguimos. Eu os extingui antes que iniciassem as pressões para a sua ocupação. Eram 22 secretarias de estado, passei para 15 secretarias; fundimos empresas, racionalizamos a máquina. Pagamos o que nós devíamos. Eu repito, hoje Minas Gerais produz – no ano passado, no final do ano, anunciamos o déficit zero – hoje um superávit extremamente vigoroso, e com as nossa empresas, a Cemig, a empresa de energia, é a empresa de energia que mais investe em geração no Brasil hoje, administração profissionalizada. E a Copasa está investindo 2,7 bilhões de reais nesse período de quatro anos, o maior investimento da sua história em saneamento. Temos a mais avançada legislação de PPPs do país hoje, já trabalhando na área de presídios, na área de rodoviária, na construção do centro administrativo em Minas Gerais. O que é que houve? Decisão política na hora certa. Todo governante perde capital político a cada dia, uns com maior velocidade e outros com menor velocidade. Mas o que nós fizemos, e aí a minha, não digo surpresa, mas a minha grata recompensa foi ter tido um aumento da popularidade ao invés de perder popularidade. Fica aí um registro...",EVADES,partial,responds
22,Aécio Neves,18/04/2005,99,Eliane Cantanhêde / Teresa Cruvinel,"Você não tem razão para ficar intranqüila, mas que os outros que não estão aqui fiquem tranqüilos. Eu não estou em campanha. Mas eu acho tão importante, Eliane, e eu me empolgo mesmo em mostrar que a gestão pode dar certo, porque o que nós estamos assistindo hoje é a essa passividade de acharmos que o poder público não pode apresentar resultado, uma gastança absolutamente desenfreada. Mas para não fugir à pergunta, eu respondi à primeira, fizemos na hora certa o que precisava ser feito e estamos colhendo hoje os frutos. Em relação ao PSDB, eu discordo, Teresa, eu não acho que nós temos, porque outros partidos o fizeram, lançar um candidato para popularizá-lo. O PSDB construiu, a partir dos resultados eleitorais das eleições municipais, novamente, uma polarização com o partido que está no governo. Nós somos hoje aquele partido, e essa é uma coisa natural, conquistada talvez pelas gestões nossas, mas sobretudo pelos resultados eleitorais, o PSDB se coloca como contraponto ao que está hoje ocorrendo no Brasil, sobretudo no que diz respeito à gestão. Eu acho muito mais importante nós mostrarmos o que nós estamos fazendo, e termos amanhã ou no momento adequado um candidato que incorpore essa proposta, porque não acho suficiente nós dizermos que o governo do presidente Lula é ineficiente na gestão, erra muito na articulação política, se nós não apresentarmos algo melhor para a sociedade. Nós não vamos ter, Teresa, na minha avaliação, pelos próximos 20 ou 30 anos no Brasil, mais eleições – e quem sabe ad aeternum – decididas pelo componente ideológico. A guinada que o PT deu, felizmente, acho eu, a nova compreensão macroeconômica que o PT está tendo, da necessidade de se honrar contratos, da necessidade da rigidez fiscal, tira da pauta essa questão de política econômica, ou daquelas projeções, ou propostas utópicas do PT. As questões – e acho que nas últimas eleições já aconteceu um pouco isso, nas municipais –, as questões daqui por diante, e as próximas eleições, vão ser decididas, na minha avaliação, pelo componente da eficiência. Na questão da eficiência, quem se comunica em nome do PSDB está sendo muito mais o senhor do que o governador Geraldo Alckmin, que tem um governo bem avaliado, mas é um político essencialmente paulista, que não se articula com o país, não se apresenta ao país.",101,"Mas se o candidato for o governador Geraldo Alckmin, ele vai ter o momento para fazer isso. O PSDB não deve ir buscar a receita nos outros. Nós temos que consolidar, mostrando o que nós estamos fazendo nas nossas gestões. A tese que é real, porque na política você só consolida o que é real, de que nós somos mais eficientes para gerir. E o presidente Lula, que será sempre um candidato muito forte – faço também essa avaliação pessoal –, mais ou menos dependendo do que ocorrer daqui por diante, ele terá que ser um candidato Lula diferente do que foi o último Lula para ganhar as eleições. Ele vai ter que entrar nos problemas. Não há mais espaço também para o messiânico novamente, que propõe a solução de todos os nossos problemas apenas com boas intenções. Ele terá que comparar a sua gestão na área da saúde com a gestão que o PSDB fez, na área de segurança, enfim, terá que ser um Lula diferente para disputar com chances as eleições. Nós do PSDB vamos ganhar a eleições? Não sei. Mas nós teremos um candidato altamente competitivo, porque se nós não temos uma grande estrela, Maurício, nós vamos ter um candidato ancorado numa proposta de gestão mais eficiente.",ANSWERS,answers,responds
23,Aécio Neves,18/04/2005,102,Josemar Gimenez,"Mas o PSDB não vai fazer no programa dele, em maio, o que o PFL fez com César Maia?",103,"Não, essa receita pode servir ao PFL...",ANSWERS,,responds
24,Aécio Neves,18/04/2005,104,Josemar Gimenez,Não vai ser em cima de um candidato? Não vai ser em cima de um governo ou de um candidato?,105,"Não é a minha opinião, não deve ser, até porque essa questão não está madura dentro do partido. Felizmente o PSDB tem nomes altamente qualificados, obviamente tiro o meu dessa avaliação, mas tem nomes altamente qualificados para empunhar essa bandeira da eficiência da gestão. O que nós temos durante este ano é que mostrar à sociedade brasileira que nós temos melhores quadros e melhores condições de enfrentar os problemas do Brasil do que os que estão no poder, sem qualquer ataque pessoal...",ANSWERS,,responds
25,Aécio Neves,18/04/2005,106,Teresa Cruvinel / Paulo Markun / Maurício Dias,"Quais são os nomes que o senhor põe na lista? Só um minutinho, Teresa. Maurício Dias. O senhor fala da candidatura à Presidência da República como se fosse algo pecaminoso. E é perfeitamente compreensível que um político, principalmente do seu nível, ambicione isso. Eu faço uma pergunta muito mais modesta: o senhor pretende algum dia ser candidato a presidente da República?",109,"Eu vou lhe responder de forma muito modesta: se as circunstâncias – o que eu acho difícil que ocorra – permitirem uma não aventura, como disse o doutor Tancredo, mas um risco calculado, pode ser que isso ocorra. Olha, e vou ser também mais uma vez muito sincero, como tenho sido o tempo inteiro: não é mau que o governador de Minas seja lembrado; tradicionalmente isso ocorre. Nós não temos – respondo a você e ao Josemar – é que buscar... porque alguns de nossos companheiros quiseram isso há alguns meses atrás, buscar na receita de um outro partido, do PFL, por exemplo, algo que é legitimo, serve ao PFL, é até interessante para o PFL se colocar no processo, tentar viabilizar um nome, mas nós temos que ter tranqüilidade, sabendo que nós governamos oito anos o país, temos uma grande experiência de gestão, governamos sete estados brasileiros, praticamente metade do PIB, metade de população brasileira, e temos o que mostrar. E vou aqui na Teresa, que já me fez uma provocação...",ANSWERS,partial,partial
26,Aécio Neves,18/04/2005,110,Teresa Cruvinel,O senhor falou que tem muitos nomes. Eu não vejo tantos assim. Quais são os que o senhor coloca?,111,"Pela ordem hierárquica, eu vou dizer.",PARTIAL,answers,responds
27,Aécio Neves,18/04/2005,114,Josemar Gimenez,O senhor acha que ele vai ser candidato?,115,"Olha, eu não o descartaria, até porque eu acho que ele próprio não descarta e é absolutamente legítimo que, dependendo das circunstâncias, ele seja um nome que o PSDB tenha para apresentar. O governador Alckmin certamente é um grande nome.",ANSWERS,,responds
28,Aécio Neves,18/04/2005,118,Teresa Cruvinel,"Tem problemas, não é?",119,"Todos têm problemas, mas todos têm potencial. O senador Tasso Jereissati é um nome; temos aí o governador de Goiás, Marconi Perillo. O PSDB – é a minha opinião pessoal, não é unanimidade isso no PSDB –, eu acho que nós temos que construir uma proposta, um projeto para o país, que demonstre que nós temos melhores condições de governar do que os que estão no governo. A nossa questão não é pressa em lançar um nome, até porque nossos nomes são amplamente conhecidos.",ANSWERS,,responds
29,Aécio Neves,18/04/2005,120,Carlos Marchi,"É verdade que o senhor outro dia estava conversando com o ex-presidente Fernando Henrique, daí ele saiu, de repente voltou, lembrou de alguma coisa e disse para o senhor: “Olha, Aécio, eu sou só quatro anos ”?",121,Mas o Fernando Henrique é um grande frasista...,PARTIAL,evades,evades
30,Aécio Neves,18/04/2005,122,Carlos Marchi,É verdade ou não é?,123,"...e muito bem humorado. Há uma outra coisa também, Marchi, que está fazendo um pouco de falta na política, voltando um pouco agora a Tancredo, mas do lado positivo: o bom humor, a estratégia, a política colocada na dimensão adequada dessa expressão. Eu sinto, talvez por eu ter convivido... vocês, acho que todos aqui convivemos de alguma forma naqueles momentos...",PARTIAL,evades,evades
31,Aécio Neves,18/04/2005,126,Paulo Markun / Eliane Cantanhêde,"Governador, o senhor mencionou os bons resultados da administração de Minas Gerais, e o maior número de perguntas que eu tenho aqui – são cinco perguntas de telespectadores – abordam um tema que o senhor não citou, que é a questão da educação. Andréia Gontijo Avelar, de Divinópolis, professora, pergunta: “Como é que senhor vê o profissional do magistério de hoje em dia, já que antigamente o salário correspondia a quase cinco mínimos e hoje não chega a dois e meio? Há políticas de valorização do magistério?”. Nilce Pereira Galvão, de Muriaé , professora, se o senhor não concorda com a afirmação do apresentador da Globo Pedro Bial, que disse em rede nacional que três coisas podem consertar o Brasil: educação, educação, educação. “Assino embaixo do que o Pedro Bial disse”. E disse que os professores da rede estadual mineira sofrem uma verdadeira humilhação social, por conta dos salários baixos. Sandra de Castro, de Juiz de Fora, comerciante, pergunta: “Como é que o senhor faz tanta propaganda sobre educação, se há 11 anos o profissional dessa área não recebe aumento?”. Gleiserson Gonçalves da Silva, de Capim Branco, Minas Gerais, professor: “Qual a posição do governador em relação ao salário dos professores?”. E Adriana Gomes, de Belo Horizonte: “O que é que o senhor tem a dizer sobre educação, se as carteiras estão quebradas, faltam materiais e o salário dos professores é baixo?” Markun, você esqueceu o Gamariel, que é o presidente do sindicato lá de Itajubá. Ah, sim, é verdade. Está aqui: Gamariel Cardoso dos Santos, coordenador-geral do sindicato dos professores de Itajubá: “Por que os professores não têm reajuste há mais de 10 anos, com vantagens reduzidas e sem poder gozar de férias?”",130,"Eu estou achando até amenas as manifestações, mas é uma oportunidade extremamente positiva para que eu diga que não tem fórmula mágica. Dar o aumento não é difícil para nenhum governante, muitas vezes é difícil pagar o aumento. Minas não cometerá nenhuma irresponsabilidade nessa área. Mas esses professores e professoras, companheiros nossos de Minas que se manifestam aqui, são testemunhas do processo que nós estamos vivendo em Minas, inclusive na educação. Minas Gerais, há muitos anos, não pagava o 13º salário em dia. Não dá para falar em aumento se você não consegue pagar o 13º salário. Hoje, em Minas Gerais, todos os servidores do estado, professores inclusive, recebem no dia 10 de dezembro, integralmente, o 13º salário. Existia um passivo enorme do estado com os professores, em especial, chamado verbas retidas, em cerca de 50 milhões de reais. Todas elas pagas nesses primeiros dois anos. Em Minas, se recebiam salários, Markun, até o dia 26 do mês seguinte ao mês trabalhado, praticamente com um mês de atraso. A Constituição, que jamais havia sido cumprida até aqui, estabelecia que esse pagamento deveria ser feito até o quinto dia útil do mês seguinte ao mês trabalhado. Hoje, em Minas Gerais, isso ocorre. Todos os servidores, de todos os níveis, sem escalas, recebem até o quinto dia útil. Mas a educação é a base do nosso esforço de transformação do estado. E a questão do reajuste, nos limites do que o estado poderá fazer, ocorrerá, até porque a educação é a prioridade também para reajustes agora. Mas, repito, isso será feito com grande responsabilidade. E os professores que participam do programa, eu agradeço a audiência, são testemunhas de que nós fizemos, já com os parcos recursos que temos, algumas questões absolutamente inéditas, e a meu ver também sinalizadoras para o país. Minas, Markun, é o único dos 27 estados brasileiros que recebe as crianças não com sete anos, como todos os outros estado, sem exceção, mas com seis anos no ensino fundamental. A alfabetização em Minas é feita agora com dois anos. Achamos que vamos ter alunos mais capacitados no futuro. Minas foi o único dos estados brasileiros que ofereceu aos seus alunos do ensino médio, com recursos próprios, livros didáticos. Eu fiz essa entrega no início do ano para praticamente todos os estudantes da rede pública do ensino médio. Ano que vem, aumentaremos ainda mais essa oferta. Então, estamos fazendo investimentos tanto na parte de respeito ao servidor, de respeito ao professor, superando os passivos que nós tínhamos, para entrar agora na possibilidade de darmos algum reajuste, como estamos investindo na qualidade da educação para que Minas volte a ser referência nacional, o que já foi no passado e hoje deixou de ser.",ANSWERS,partial,partial
32,Aécio Neves,18/04/2005,132,Paulo Markun,"Há quem veja em Aécio Neves, governador de Minas, traços do temperamento de seu avô. Tancredo Neves teve uma carreira pública marcada mais pelo temperamento, pela capacidade de articular e negociar do que por capacidade administrativa. Tancredo soube dar tempo ao tempo e mudar quando o país mudava. Perseguido pelo regime autoritário do Estado Novo, em 1937, aproximou-se de Getúlio Vargas em 1953, assumindo o Ministério da Justiça. Na crise que antecedeu ao suicídio do presidente, pediu autorização para prender o ministro da Guerra. Horas antes de morrer, Getúlio deu a Tancredo a caneta de ouro que usou para assinar a carta testamento deixada à nação, e que hoje está com Aécio. Depois do golpe de 1964, Tancredo votou contra o nome do general Castelo Branco para presidente, ao contrário de JK , entre outros. Mas na luta pela abertura política, pregava a conciliação nacional sem radicalismos; pregava também a paciência e a moderação. Chegava a parecer frio e calculista, mas tinha bom humor e ironia fina. Era o estilo Tancredo, à moda mineira, que marcou sua presença em cada crise do poder. Governador, eu conheci Tancredo Neves já no fim da vida dele, infelizmente, por circunstâncias da profissão. Então eu não sei como era o Tancredo jovem. Agora, fico pensando o seguinte: a atitude que o senhor tem em relação ao governo Lula, que é às vezes de crítica, às vezes de apoio, aproxima, afasta, tem a ver com o temperamento do Tancredo?",135,"Quisera eu poder ter herdado as qualidades que Tancredo tinha no seu temperamento, no seu conhecimento sobre o país e na sua capacidade de articulação, não é? Estou longe disso, Markun. Mas eu sou um homem do meu tempo, se você me permite uma autodefinição. É claro que eu busco sempre estar me inspirando, sobretudo na questão comportamental, em Tancredo e tantos outros brasileiros, mas eu enfrento no dia-a-dia os desafios desse meu tempo.",ANSWERS,partial,partial
33,Aécio Neves,18/04/2005,136,Paulo Markun,Como é que o senhor enfrenta o governo Lula?,137,"Então, eu sou oposição ao governo Lula, o que não quer dizer que eu não respeite o presidente. Eu acho que a história do presidente Lula é uma história pessoal absolutamente irretocável, e nós devemos, como democratas, compreender a importância da eleição do presidente Lula, e eu compreendo isso. Mas isso não me inibe de fazer críticas a ações do governo que eu considero absolutamente impróprias.",ANSWERS,,responds
34,Aécio Neves,18/04/2005,144,Teresa Cruvinel,"Isso que eu queria perguntar. Há espaço, nesse período agora que se segue, para um acordo sobre a reforma tributária? Que é a parte que falta ser votada lá. É uma reforma que interessa aos estados e interessa ao governo Lula. Pode ser talvez o único objeto de convergência neste governo ainda.",145,"Interessa ao país, Teresa, e eu volto rapidamente ao passado para lhe dizer que as principais matérias aprovadas neste governo, lá atrás, o início da reforma previdenciária, a reforma administrativa e o início da reforma tributária só passaram porque a oposição deu os votos necessários a essas matérias, porque eram importantes para o país. Voltará a ocorrer agora na reforma tributária. O presidente Lula tem uma grande vantagem, Teresa, sobre o presidente Fernando Henrique, pelo menos uma grande vantagem: que ele nos tem, nós do PSDB, na oposição, e não o PT, porque nós temos sabido cobrar as ações do governo...",ANSWERS,answers,responds
35,Aécio Neves,18/04/2005,149,Alexandre Machado,"Eu gostaria de ouvi-lo a respeito do que está acontecendo na Câmara Federal. O senhor mencionou uma dificuldade na articulação política no governo atual, do governo federal, e eu gostaria que o senhor, como ex-presidente da Câmara, que viveu com certos problemas que existem mesmo nas relações políticas do Congresso, que o senhor analisasse o que é que está acontecendo, porque para muita gente, o que está acontecendo hoje é muito grave, em relação à postura que determinados deputados, determinadas lideranças têm tomado publicamente.",150,"Na verdade, eu acho que existem dois fatores aí fundamentais, Alexandre. O primeiro deles: o governo e a sua base subestimaram a capacidade de articulação do Congresso. Escolheram um candidato, um homem correto, a meu ver, preparado para o cargo , mas que atendia fundamentalmente a uma situação de São Paulo. Não houve a preocupação, naquele instante, de observar se esse nome era um nome palatável para a maioria do parlamento. Essa é uma questão que levou, a meu ver, ao resultado que nós chegamos . A outra, que é anterior a essa, e eu a ela já me referi, Alexandre, foi o desprezo do governo para com os partidos políticos. Nunca houve... por mais que um partido esteja no governo e tenha ali as suas preferências, estimule um ou outro parlamentar, em função das suas dificuldades locais, a se movimentar para um partido da base, nunca houve um estímulo tão descarado, tão aberto, a que partidos oposicionistas perdessem parlamentares. O PSDB perdeu vinte, o PFL deve ter perdido vinte e poucos parlamentares no início do governo para partidos da base. Isso significou o quê? A desmoralização dessas lideranças. E o Congresso, a Câmara em especial, Alexandre, precisa ter referência, precisa se saber quem é aquele interlocutor que fala em nome do governo, quem é o homem com quem se negocia. O governo perdeu isso, está tentando se reorganizar agora a partir da perda da presidência da Câmara . Eu me lembro que, no nosso tempo, eu era presidente da Câmara, o Arnaldo Madeira, hoje secretário de governo de São Paulo, era o líder do governo. Os líderes aliados sabiam com quem conversar; a oposição sabia quem eram as pessoas que procuravam. Hoje, a impressão que eu tenho é que não há uma referência consolidada que tenha respaldo para encaminhar as negociações e para construir as votações. Eu prevejo um ano, daqui por diante, até o início do ano que vem, de muitas dificuldades para o presidente da República nessa articulação congressual. Todo governo, Alexandre, tem pelo menos dois momentos. O primeiro é o momento das atitudes, é o momento do planejamento, de tomar as medidas. O segundo é o de colher os frutos dessas medidas. Quem não tomou as medidas nos primeiros dois anos, agora talvez não tenha a mesma capacidade de tomar as medidas necessárias à organização inclusive da sua base parlamentar. A reforma política, tão propalada na campanha eleitoral, perdeu espaço por uma razão, a mesma razão pela qual nós não conseguimos votá-la lá atrás, e faço também aqui essa mea culpa, por quê? Porque os partidos aliados ao governo não têm interesse nessa reforma. O governo submete, portanto, algo absolutamente fundamental para o país, para a estabilidade do quadro partidário a sua conveniência política. E já estamos assistindo, desde já, a uma grande montagem do palanque para as próximas eleições, a meu ver, de forma absolutamente precipitada.",ANSWERS,,responds
36,Aécio Neves,18/04/2005,151,Teresa Cruvinel,Por parte do governo?,152,"Por parte do governo federal, com indicações, com nomeações de figuras de Brasília, ou do Paraná, que ajudam a compor o palanque do presidente Lula.",ANSWERS,,responds
37,Aécio Neves,18/04/2005,155,Josemar Gimenez,"Sem essa oposição light que o senhor faz aí, que tem toda uma necessidade em relação com o governo, principalmente com o ministro Palocci, que é avalista de vários empréstimos, o senhor acha que o governo de PT não tem gestão, o governo federal?",156,"Está longe de ter gestão, Josemar. Eu acho que a pouca crença do governo, pelo menos no início, da necessidade de se organizar, de enxugar a máquina, é também uma das raízes do problema que nós estamos vivendo hoje. Eu vejo com alegria o ministro José Dirceu incorporando no seu discurso o choque de gestão. Lamento que, por enquanto, esteja apenas no discurso; tomara que essas conversas com o professor Falconi, ou mesmo com membros do governo, mostrem ao governo federal que gestão é absolutamente essencial para se investir mais em saúde, para se investir mais em saneamento... Vou lhe dar um dado grave, Josemar: no ano de 2004, o que o governo gastou em cargos e funções públicos – claro que não foram todos criados pelo governo, eu estou me referindo à União, somados legislativo e executivo, mas obviamente a maior parcela é do governo federal –, o que gastou em cargos comissionados, em toda a estrutura de função e de cargos do governo foram 10 bilhões de reais, exatamente que o governo gastou em investimento. E nós assistimos aí, todos nós estamos lendo os jornais: o crescimento dos gastos do governo, seja com esses cargos comissionados, seja com custeio das viagens, seja com terceirização, é algo que vem na linha inversa ao que precisa ser feito hoje. E aí eu vou tomar liberdade de dizer o seguinte: Minas nisso está sim – sem modéstia alguma, porque não é uma construção individual, é coletiva –, está dando exemplos, nos quais seria bom, pelo menos nesse aspecto específico do enfrentamento da questão gerencial, que o governo federal buscasse inspiração.",ANSWERS,answers,responds
38,Aécio Neves,18/04/2005,157,Paulo Markun,"Governador, última pergunta, de Leandro Sangio, sei que dá para responder rapidamente. Ele é aposentado, de Belo Horizonte, e diz o seguinte: “Em uma entrevista à Rede Minas, certa vez, o senhor disse que uma mulher e uma esposa não caberiam na sua vida política. O senhor ainda mantém essa posição?”",158,"Não, eu nunca disse uma coisa dessas . Olha, o que eu posso ter dito é o seguinte: é que eu não submeteria a minha vida e a minha felicidade pessoal às circunstâncias políticas. E Minas me mostrou que é muito menos conservadora do que de fora alguns acham que pode ser. Eu venci essas últimas eleições, com nove candidatos, Markun, no primeiro turno, com cerca de 60% dos votos, solteiro. Se um dia acontecer, e tomara que ocorra, eu pretendo sim ter mais filhos, pretendo me casar, mas apenas não vou fazer disso um instrumento, enfim, por causa de outros vôos políticos. Se eu depender disso para ir a outro lugar, vocês vão me encontrar sempre em Minas Gerais.",ANSWERS,answers,responds
39,Alexandre de Moraes,07/02/2005,2,[Comentarista Valéria Grillo] / Paulo Markun,"Alexandre de Moraes, 36 anos, é o mais novo secretário de Justiça da história do estado de São Paulo. Formado em direito, doutor e livre-docente em direito constitucional pela Universidade de São Paulo, assumiu o cargo em janeiro de 2002, 10 anos depois de ter iniciado carreira no Ministério Público, onde prestou concurso aos 22 anos de idade e entrou em primeiro lugar. Em agosto de 2004, o governador Geraldo Alckmin decidiu passar a Febem da Secretaria da Educação para a Secretaria da Justiça, já que a Fundação tem mais contato com o poder judiciário e o Ministério Público. E o secretário Alexandre de Moraes acumulou a presidência da instituição anunciando que atacaria a banda podre da Febem para acabar com maus-tratos e torturas que há anos marcam a Fundação do Bem-Estar do Menor. O tratamento a crianças pobres e jovens que cometiam infrações surgiu em São Paulo em 1973 com o Pró-Menor, embrião da Febem, criada três anos depois, em 76. Nessas três décadas a entidade tornou-se um estigma, voltada mais para uma política de encarceramento do que para a recuperação social, a Fundação do Bem-Estar do Menor sempre viveu situações explosivas. Complexos superlotados, estrutura arcaica e viciada, palco de sucessivas rebeliões, algumas muito violentas, a Febem acumulou erros, irregularidades, abusos e freqüentemente foi denunciada por prática institucionalizada de tortura. O último episódio de espancamento, no mês passado, acabou antecipando as mudanças que a presidência da Fundação vinha preparando nos últimos meses. No dia 12 de janeiro, 84 internos da unidade de Vila Maria na Zona Leste de São Paulo foram violentamente agredidos por agentes de segurança. No mesmo dia, enquanto o secretário inspecionava a unidade, houve uma mega rebelião na Febem Tatuapé. O Ministério Público pediu a prisão dos 23 agentes que trabalhavam na unidade onde houve a agressão, e a presidência da Febem começou a substituir funcionários em várias unidades. Seiscentos novos agentes de segurança e 300 novos educadores entraram em serviço sob protesto do Sindicato dos Agentes que promoveu uma greve de cinco dias. No dia 26 de janeiro, 202 internos escaparam da Vila Maria, na segunda maior fuga da história da Fundação. Sessenta e seis deles eram vítimas ou testemunhas dos espancamentos recentes. A Febem está treinando mais um novo grupo de 900 agentes e educadores; os antigos serão reciclados, e o secretário Alexandre de Moraes já anunciou que os agentes de perfil truculento e outros que não se adaptarem à nova política serão demitidos. A proposta que está sendo colocada em prática é de mudança de perfil e de enfoque da Febem. O novo modelo vai permitir que só os educadores tenham contato direto com os internos; agentes de segurança não terão mais relacionamento com os adolescentes e jovens para evitar a promiscuidade. Vão ficar a distância, só agindo em caso de conflito, depois saem de cena e os educadores retomam o contato com os internos. É a idéia de trocar um modelo puramente carcerário e violento por um projeto com enfoque pedagógico voltado para a recuperação social. Para entrevistar o secretário da Justiça e Defesa da Cidadania do estado de São Paulo, Alexandre de Moraes, nós convidamos Mário Volpe, oficial de projetos do Fundo das Nações Unidas para a Infância no Brasil, Unicef; Gilberto Nascimento, editor de cidadania da revista IstoÉ; Renato Lombardi, jornalista e comentarista do Jornal da Cultura. Padre Júlio Lancelotti, coordenador do Centro de Defesa da Criança e do Adolescente, do bairro do Belém, em São Paulo; Daniel Bramatti, editor adjunto do caderno Cotidiano; Rubens Naves, advogado e presidente da Fundação Abrinq pelos direitos da criança. E José Gregori, ex-ministro da Justiça e presidente da Comissão Municipal de Direitos Humanos de São Paulo. Aqui na nossa platéia acompanham a entrevista os seguintes convidados: Maria Teresa Rocha de Assis Moura, vice-presidente do Instituto Brasileiro de Ciências Criminais; Ariel de Castro Alves, conselheiro do Movimento Nacional dos Direitos Humanos; Betina Leme, coordenadora da Associação Fique Vivo, que desenvolve projetos educacionais na Febem; Ruth Estevão, representante da sociedade civil no Conselho Estadual dos Direitos da Criança e do Adolescente em São Paulo; Marcos Fuchs, diretor do Instituto Pro Bono e da Conectas de Direitos Humanos; João Pedro Pereira Brandão, advogado do Instituto Latino-Americano das Nações Unidas para a prevenção do delito e tratamento do delinqüente; Auro Lescher, psiquiatra e coordenador do projeto Quixote, vinculado à Universidade Federal de São Paulo; Cecília Milhorancia, voluntária da associação Fique Vivo; Mário Henrique de Tício, advogado do Instituto Latino-Americano das Nações Unidas para a Prevenção do Delito e Tratamento do Delinqüente; Marcela Lima, jornalista do Instituto Brasileiro de Ciências Criminais, e Vilma Maro, jornalista da Fundação Abrinq pelos direitos da criança e do adolescente. O Roda Viva é transmitido em rede nacional pela rede pública de televisão para todos os estados brasileiros e também para Brasília. Boa noite, secretário.",4,Boa noite.,PARTIAL,answers,responds
40,Alexandre de Moraes,07/02/2005,5,Paulo Markun,"Quando estava passando a reportagem que mostra os últimos acontecimentos e as propostas da Febem, eu me dei conta, sem nenhum tipo de entusiasmo nesta constatação, que o tempo que o senhor tem de vida eu tenho de jornalismo. Eu tenho a mesma... isso é uma realidade - não há como escapar disso - ...",6,Talvez por trabalhar cedo.,PARTIAL,evades,evades
41,Alexandre de Moraes,07/02/2005,7,Paulo Markun,"... que a gente se vanglorie. No entanto nesses quase 35 anos de profissão, eu vi mais de uma dúzia de vezes presidentes da Febem anunciando que agora a situação vai mudar, que agora vai ser bom, que agora os menores vão ser bem tratados, e outras pessoas, que a própria opinião pública certamente acompanhou isso. Mas a gente que faz isso ao vivo, confesso que fica a seguinte pergunta: Por que agora vai acontecer?",8,"Eu gostaria de começar dizendo exatamente duas questões em relação a isso. Primeiro eu assumi em agosto e ninguém me viu prometendo nada, eu não prometi grandes sonhos, eu não prometi uma reestruturação imediata. Eu prometi muito trabalho e é isso que a gente vinha fazendo, toda a equipe até agora. O que pode mudar é exatamente uma mentalidade; nós não queremos mais atuar para apagar incêndio. Eu acho que a Febem, a secretaria, o governo do Estado não podem mais continuar simplesmente atacando os efeitos, nós temos que atacar as causas. E a causa é exatamente uma estrutura arcaica que acabou com o tempo, 30 anos, acabou se montando uma estrutura arcaica, uma mentalidade que visa muito mais realmente à contenção e acabou gerando uma truculência por parte de alguns funcionários, de um grupo de funcionários, do que visando à educação. A grande alteração - e é nisso que nós acreditamos - é a mudança de mentalidade. E eu exemplifico isso com a alteração que nós estamos fazendo; uma mesma pessoa até hoje fazia a contenção e tinha função de educação, não educação formal, que isso é feito pelos professores da rede pública, mas a educação social, a educação de cidadania, a reinserção social. Essa pessoa apartava uma briga e acabava gerando rixas com os adolescentes, e era essa pessoa que tinha que acompanhar o adolescente no banho, na alimentação, no ensino profissionalizante, na terapia. Isso gerou uma promiscuidade muito grande. Então a nossa proposta que vem sendo implantada, só agente de segurança, uma segurança com contenção, nós não podemos deixar de lado que há necessidade de disciplina nas unidades, mas não podemos fazer como vários funcionários que confundem disciplina com violência. A disciplina é uma coisa e os agentes de segurança estão lá para garantir a disciplina, só que não terão contato com os adolescentes. Eu costumo dizer, vai acabar esse papo furado entre agentes de segurança e adolescentes que acaba gerando uma promiscuidade. E os agentes educacionais que estão sendo recrutados - foram já vários e outros estão sendo recrutados - entre professores aposentados e educadores sociais, esses sim vão fazer o dia-a-dia do adolescente, vão colocar em prática o plano pedagógico do adolescente. Se eventualmente começa algum problema, eles se retiram, eles não vão ter essa função de contenção, porque aí se cria um vínculo entre o agente educacional e os adolescentes. Nós queremos fazer em uma média de um agente educacional para cada doze adolescente, em unidades mais problemáticas um para oito adolescentes, para se criar realmente um vínculo, e com esse vínculo, é muito mais fácil a reinserção social dos adolescentes.",ANSWERS,answers,responds
42,Alexandre de Moraes,07/02/2005,9,Paulo Markun,"Agora, o senhor falou várias vezes em banda podre na Febem, não é uma orquestra inteira? Porque a sensação que eu tenho aqui... Olha essa semana. “Fuga prejudica processo por tortura”. “Febem afasta 21 funcionários que facilitaram a fuga de mais de 200 menores”, ou foram no mínimo coniventes. Quer dizer, eu entendo que essa classificação é pedagógica, para a gente dizer que tem gente boa. Mas a sensação que se vê de fora é que quem está lá dentro já está em um jogo que não tem conserto.",10,"Nós temos nove mil funcionários, entre a parte administrativa, a parte técnica – psicólogos e assistentes sociais - e quase 45%, quatro mil seriam os monitores, os agentes técnicos. Eu posso afirmar com tranqüilidade que não é a maioria. Agora, é uma minoria, uma minoria articulada, é uma minoria que acaba se articulando cada vez que há um problema e aí gera isso que você citou. Se nós voltarmos ao passado, o passado recente, desde 99, a cada grande notícia de tortura, maus tratos, imediatamente ocorre uma fuga e coincidentemente fogem aqueles que foram torturados, aqueles que são vítimas e testemunhas da tortura e dos maus tratos.",ANSWERS,,responds
43,Alexandre de Moraes,07/02/2005,11,Paulo Markun,Como é que se acaba com isso? Porque aconteceu de novo.,12,"Aconteceu de novo, foi na quarta-feira, nós já recuperamos vários adolescentes, estamos atuando em conjunto para rapidamente podermos fornecer as provas ao Ministério Público e ao poder judiciário. Isso se acaba como? Primeiro, acabando com essa mentalidade de uma única pessoa ser agente de segurança e agente educacional. E segundo, afastando, demitindo todos aqueles que não se adaptarem. Há, sem hipocrisia nenhuma, um grande número de funcionários, não é a maioria, mas há um grande número de funcionários que não tem salvação mais...",ANSWERS,answers,responds
44,Alexandre de Moraes,07/02/2005,14,Mário Volpi,"Secretário, o senhor fala em uma mudança na Febem, me parece que existe um consenso internacional - o Brasil novamente foi citado no relatório de direitos humanos e na comissão que acompanha a implementação da Convenção dos Direitos da Criança e em função da Febem de São Paulo - há um consenso no país de que a Febem de São Paulo não cumpre a sua tarefa de ressocializar os adolescentes. O que falta para o estado de São Paulo produzir um consenso da necessidade da extinção da Febem e da sua substituição por uma instituição mais arejada, mais leve administrativamente, mais competente pedagogicamente? Ainda não existe esse consenso da necessidade da extinção da Febem?",15,"Não, Mário, eu...",ANSWERS,answers,responds
45,Alexandre de Moraes,07/02/2005,16,Gilberto Nascimento,"Secretário, complementando só a pergunta dele. Por que o governo Alckmin só agora acordou para esse problema da Febem?",17,"Então respondendo aqui primeiro para o Mário. Mário, eu acho que há um consenso de que há necessidade da reestruturação, exatamente por isso que o governador determinou que fizéssemos essa reestruturação. Agora, nós temos que analisar primeiro que a educação com internação é algo extremamente problemático. Toda forma de educação pressupõe liberdade. E a educação dentro de um ambiente de contenção, um ambiente de privação de liberdade é algo extremamente maléfico. Agora, a Lei determina isso, e nós temos em São Paulo mais internos do que o país todo somado. Nós temos mais de seis mil internos, então não se muda de uma hora para outra, porque nós temos que mudar a mentalidade, exatamente é essa a nossa idéia, mudar a mentalidade, investir muito nos agentes educacionais, investir muito na educação. Agora, logo no começo de março, nós vamos estar instalando em todas as unidades, pelo menos cinco cursos profissionalizantes para que todos os adolescentes, ao mesmo tempo, estejam pelo menos em um curso profissionalizante, com diploma, eles vão sair com o diploma, para fazer esse link com o pessoal de fora, com a comunidade. Logicamente nós não podemos prometer emprego para todos porque mesmo aqueles que não estão internados têm problemas com emprego, mas nós temos que garantir uma melhor condição de luta no mercado de trabalho. Nós tivemos, do ano passado para este ano, 31 adolescentes que passaram no vestibular. Então há um forte estímulo educacional. Sendo que cinco deles ficaram os últimos três anos - que na minha época se chamava colegial - os últimos três anos na Febem. Agora, logicamente nós temos que melhorar e temos que, ao mudar essa mentalidade, mudar também a estruturação. Nós temos que deixar internados - isso não depende do poder executivo, isso é a legislação ECA , é o poder judiciário - nós temos que deixar internados só aqueles que realmente necessitem muito. A internação, ao meu ver, é sempre o último caminho, por isso que também nós vamos investir muito este ano em unidades de semi-liberdade, para dar uma opção ao judiciário. A partir daí, nós podemos enxugar o número de internações e cada vez mais apostar na educação profissionalizante, porque muitos adolescentes não têm interesse na educação formal, ou porque passaram muito já do tempo ou por outros motivos; então nós temos que desviar, nesse sentido. Mas a sua idéia, a sua fala é corretíssima. A Febem tem que acabar, a fórmula, essa fórmula foi construída durante 30 anos; o Estatuto da Criança e do Adolescente que veio para ser muito melhor que o Código de Menores acabou, por algumas lacunas, permitindo essa continuidade. Então a mentalidade deve mudar; mudando a mentalidade é muito mais fácil mudar a estrutura, a estrutura vai é de rodo...",ANSWERS,partial,partial
46,Alexandre de Moraes,07/02/2005,20,Gilberto Nascimento,"Secretário, só uma coisa. A questão de tortura e espancamento - eu sou jornalista há mais de 20 anos, como o Markun também estava colocando - e há mais de 20 anos, a gente houve dizer que lá dentro os adolescentes são torturados e espancados. A Febem ou o próprio governo jamais havia reconhecido esse fato, que eu saiba é a primeira vez; o senhor que a primeira vez chegou e admitiu publicamente que existe lá dentro tortura e espancamento, esse fato nunca foi reconhecido, então houve uma mudança aí...",21,"Eu diria, até em complementação ao que eu vinha dizendo, que isso foi possível exatamente em virtude de uma marca que eu fiz questão de imprimir, há três anos quando eu assumi na Secretaria, e agora, desde agosto na Febem: a absoluta transparência. E isso possibilitou que as organizações de direitos humanos - a própria Amar , a dona Conceição - imediatamente passassem a ser cúmplices, no bom sentido da palavra, para auxiliar a administração. Nós fomos imediatamente avisados quando surgiu a notícia de que dois adolescentes - a dona Conceição nos ligou e disse - que dois adolescentes teriam sofrido maus tratos. Mas essa confiança de ligar imediatamente possibilitou uma atuação rápida da presidência da Febem e com isso nós conseguimos...",ANSWERS,answers,responds
47,Alexandre de Moraes,07/02/2005,23,Padre Júlio Lancellotti / Rubens Naves,"Eu até queria colocar uma questão nesse sentido. Veja, a Secretaria da Justiça foi onde nasceu o Serviço Social de Menores. Na verdade, hoje, a Febem voltou de onde nasceu, porque ela nasceu lá. A Secretaria de Assistência e Desenvolvimento Social diz que era um problema social e não deu conta; a Secretaria da Juventude - porque era um problema da juventude - não deu conta; a Secretaria de Educação, porque então iria ser um programa educacional e não deu conta, então estamos na Secretaria da Justiça. A minha pergunta é, secretário, a Secretaria da Justiça, sozinha, não vai conseguir responder à questão do adolescente em conflito com a Lei, e do adolescente. Existe uma conjugação de esforços de todas as áreas de governo, do próprio governo no sentido de garantir saúde mental, de garantir educação? Porque os jovens continuam saindo da Febem sem transferência escolar, sem documentação escolar, sem carteira profissional, sem cédula de identidade e, às vezes, até sem a certidão de nascimento. A Secretaria da Justiça pode bem responder essa questão, mas a questão fica. Há um programa de governo articulado com todas as secretarias ou os adolescentes agora são da Secretaria da Justiça? Secretário, eu gostaria de complementar, nessa direção. Quer dizer, a partir do momento em que o senhor lembra que essa estatística... Vamos dizer, os adolescentes em conflito com a Lei em São Paulo representam 50% dos adolescentes do Brasil, proporcionalmente à população juvenil. Por que em outros estados tem soluções exitosas, e essas soluções não são implementadas em São Paulo? O que eu quero dizer é o seguinte: a sociedade civil, as entidades da sociedade civil apoiaram com grande entusiasmo essa sua iniciativa firme de coibir a tortura nos estabelecimentos da Febem. Mas daqui para frente, essas entidades estão muito preocupadas, estão com uma expectativa muito grande de continuar a apoiá-lo, mas nessa perspectiva de um planejamento de longo prazo, vendo experiências exitosas. E essas experiências, por exemplo, no Rio Grande do Sul, com centros integrados da infância e da adolescência, inclusive regionalizados, há um trabalho em conjunto do estado-membro, da magistratura, da promotoria, da defensoria pública e da polícia, inclusive em um projeto arquitetônico que viabiliza esse atendimento ao adolescente em conflito com a Lei. Nós temos condições em São Paulo de desenvolver um planejamento estratégico nessa perspectiva de integração de políticas públicas e diálogo permanente com a sociedade civil, com as organizações da sociedade civil?",25,"Rubens, essa é a idéia, é exatamente... porque o que nós fizemos agora, na verdade, é nada mais do que a obrigação de um gestor que, ao verificar uma situação absolutamente hedionda de maus tratos e torturas naquela unidade, de 84 adolescentes feridos, tome imediatamente as providências. Isso é uma coisa pontual, importantíssimam, porque mostra qual é a mentalidade do governo do estado em relação a isso, mostra que nós não admitimos de forma alguma maus tratos e tortura; essa prática é uma prática criminosa, que não vai se admitir, a cada vez, se ocorrer, vai ter a mesma resposta do governo do estado. Agora, isso é um ponto dentro de um universo muito mais abrangente como o padre Júlio colocou, como você colocou. Eu diria, padre Júlio, que não é só uma questão do governo, é uma questão do governo enquanto executivo, é uma questão dos três poderes e da sociedade civil, sem tirar qualquer responsabilidade por parte do poder executivo. Nós temos a nossa responsabilidade, queremos cumprir essa responsabilidade, só que articulado com os outros poderes e com a sociedade civil. É dentro do governo, do poder executivo, a questão da Febem e dos adolescentes é um projeto de governo, não da Secretaria da Justiça...",EVADES,partial,partial
48,Alexandre de Moraes,07/02/2005,26,Rubens Naves,"O governo do estado sinalizaria, vamos dizer, com a gestão compartilhada nessa área, como o senhor está propondo, sugerindo?",27,"Sim, nós, como eu disse...",ANSWERS,,responds
49,Alexandre de Moraes,07/02/2005,32,Rubens Naves,"A administração José Serra, aderindo a esse seu projeto, facilitaria as coisas em termos de capital e região da Grande São Paulo?",33,"Sem dúvida. Nós já tivemos contato com o prefeito José Serra, com o secretário Floriano Pesaro para que nós possamos abrir mais unidades de liberdade assistida, para que possamos aproveitar mais o município, até porque o município é aquele mais próximo do indivíduo, da família do indivíduo. Eu tenho absoluta certeza de que nós vamos aqui na capital deslanchar muito agora nesse programa...",PARTIAL,answers,responds
50,Alexandre de Moraes,07/02/2005,34,Paulo Markun,"Secretário, quando o senhor iniciou a gestão, o senhor fez uma coisa inédita e estranhamente inédita, porque era de se supor que já existisse, que era criar um regimento interno que fosse seguido em todas as unidades de Febem. E esse regimento estabelece a lista de direitos e deveres, dá premiações por bom comportamento aos jovens, recompensas e etc. Agora a sensação que eu tenho é que esse tipo de iniciativa contrasta com o sentimento que existe na classe média de que aquela rapaziada da Febem não tem conserto e que ali tem é que ser realmente tratada com dureza, e que essa história de direitos humanos não serve para nada, e isso é coisa para facilitar a vida dos bandidos. Como é que se separam essas duas coisas que infelizmente são misturadas? Quer dizer, de um lado a dureza no tratamento e a absoluta falta de legislação e de lei dentro da Febem, onde qualquer interno da Febem trata todo mundo por senhor quando é assim obrigado, anda de cabeça baixa em alguns lugares, não pode olhar para a pessoa, e de outro lado, na sociedade como um todo, tem essa visão de que esses menores são todos assassinos, estupradores e tem que ser realmente tratados dessa maneira.",35,"Nós temos esse problema... lamentavelmente a questão de direitos humanos no Brasil, por muito tempo, foi tratada, antes da redemocratização, como “direitos humanos é coisa de comunista”. E depois da redemocratização e da queda do Muro de Berlim, que acabou ficando fora de moda falar que era coisa de comunista, no Brasil e a cada dois anos que nós temos eleições, isso volta, “direitos humanos é coisa de bandido”, “Febem e sistema prisional não podem ser hotel 5 estrelas”, esse discurso absolutamente demagógico, primeiro de quem não conhece a estrutura e segundo, de quem não sabe o que são os direitos humanos. Então é um desafio realmente mostrar a toda população que nós não podemos confundir disciplina com violência; e todos aqueles que têm direitos, também têm deveres. Porque o Brasil, isso é a teoria pendular, como no Brasil por muito tempo se suprimiram os direitos, quando vem a redemocratização, só se fala em direitos, se esquece que a Constituição prevê direitos e deveres, a legislação prevê direitos e deveres. Então aquele núcleo fundamental do ser humano que é ligado à dignidade da pessoa humana, isso todos têm. O adolescente, quando internado, está privado de um direito fundamental que é a liberdade, mas está privado por determinação judicial, mas somente da liberdade, ele continua com a sua honra, com a sua dignidade, com sua integridade física. O fato de nós não podermos deixá-lo fazer o que ele quer, ter que ter disciplina, não significa que nós possamos deixar violência contra esses internos, por isso que nós editamos o Regimento Interno. Como você disse, foi o primeiro editado em 30 anos da instituição, mas para mostrar que as unidades, as 77 unidades, sendo 62 de internação, não são repúblicas autônomas, porque isso favorece a violência, isso favorece o abuso de poder, porque cada monitor ou cada mau funcionário se sente no direito de ele impor as sanções, de dar uma premiação e tal. Nós colocamos de forma transparente, mandamos distribuir para todos os funcionários e todos os adolescentes, todos eles receberam o Regimento Interno e entenderam, porque quando as regras são transparentes as pessoas entendem. Em uma das últimas rebeliões, quando eu fui negociar pessoalmente, no dia do Tatuapé, quando estranhamente estourou uma rebelião – enquanto eu apurava e prendemos aquelas pessoas acusadas por tortura. Acabando a rebelião, um dos adolescentes, no meio de quase 400 adolescentes, disse: “Senhor”, - como você colocou, se referem sempre como senhor – “nós sabemos que a regra é cinco dias agora sem lazer, sem nada, mas regra é regra. Nós não queremos esculacho e bonde”. Ou seja, não queriam apanhar. Então as regras claras são regras...",ANSWERS,answers,partial
51,Alexandre de Moraes,07/02/2005,38,Renato Lombardi,"Agora, eu queria que o senhor me respondesse uma coisa. Muitas autoridades criticam o Estatuto da Criança e do Adolescente. Eu gostaria que senhor me explicasse. A Febem tem 6 mil infratores, 1800 acima de 18 anos. O que o Estatuto faz de benéfico para essa gente, que tantas autoridades querem acabar com o Estatuto, dizendo que o Estatuto favorece o bandido, favorece o menor bandido, favorece o menor assassino, o menor seqüestrador, como é que é isso?",39,"Eu não diria que o Estatuto favorece o menor bandido, o menor assassino, e até porque - fazendo um link das duas questões - nós temos pouquíssimos homicidas percentualmente na Febem, não chega a 10%. Quando se passa, às vezes, para a sociedade, é que todos os adolescentes internos são homicidas, estupradores. Somando os dois, nós não chegamos a 13%...",ANSWERS,answers,responds
52,Alexandre de Moraes,07/02/2005,40,Renato Lombardi,Qual é a maioria?,41,A grande maioria é crime contra o patrimônio...,ANSWERS,,responds
53,Alexandre de Moraes,07/02/2005,42,Renato Lombardi,Furto e roubo?,43,"Furto e roubo. Crime contra o patrimônio ou para se comprar drogas ou em virtude do autoconsumismo, a pessoa quer ter o tênis, furto de tênis, furto de uma roupa de marca, furto e roubo para comprar drogas. Então é muito mais algo contra o patrimônio do que contra a própria pessoa; lógico que não se justifica e a Lei deve ser aplicada para todos os casos. Em que eu critico o ECA? No que o Estatuto da Criança e do Adolescente poderia ser melhor? Ele é 8 ou 80, infelizmente acabou sendo dessa forma, ou seja, ninguém fica menos do que seis meses internado, quando há internação. Mesmo que duas pessoas sejam internadas, uma tenha ótimo comportamento, imediatamente se ressocialize, e a outra tenha péssimo comportamento, só depois de seis meses vai ser feito um laudo e o judiciário vai analisar. E ninguém fica mais do que três anos. Então se um homicida mata 10 pessoas, ele só vai ficar, menor de idade, no máximo três anos...",ANSWERS,answers,responds
54,Alexandre de Moraes,07/02/2005,44,Renato Lombardi,Não tem mais três?,45,"Não, três anos, sendo que podem ficar no máximo três anos também até 21 anos, no caso de 18 anos. Mas no máximo três anos. O que isso gera? Isso gera uma proximidade entre os delitos mais leves e os delitos mais graves, e aí sim se dá essa sensação de insegurança...",ANSWERS,answers,responds
55,Alexandre de Moraes,07/02/2005,46,Renato Lombardi,"O senhor está querendo dizer que o garoto pode matar, o garoto pode estuprar, achando que ele só vai ficar três anos então. Eles têm consciência disso?",47,"Eles têm noção de que só vão ficar três anos. Então, qual é a nossa proposta, que nós já levamos junto com o governador Geraldo Alckmin em 2003? São dois fatores que seriam, a meu ver, muito benéficos ao Estatuto da Criança e do Adolescente. Primeiro, o prazo definido pelo juiz na sentença de internação. Eu, particularmente, acho que é absolutamente contra a Constituição - é o princípio da individualização de sanções, porque não deixa de ser uma sanção a privação de liberdade do adolescente - ele não saber quanto tempo vai ficar. Então ele e um amigo praticam um roubo qualificado, os dois juntos roubam um tênis, ou roubam uma televisão, ou uma casa à mão armada; vão para a Febem, um vai para uma unidade, o outro vai para outra. Cada um, por exemplo, pega um juiz diferente; um acaba ficando seis meses, e o outro um ano...",ANSWERS,,responds
56,Alexandre de Moraes,07/02/2005,50,Padre Júlio Lancellotti / José Gregori,"É porque ele tem que estar centrado na capacidade da pessoa e na condição peculiar da adolescência, mas do que na pena. Nessa questão do regimento, as entidades querem sugerir - já disseram para o senhor - algumas adaptações. E nós estamos tendo uma interlocução com o senhor, inédita, como nunca tivemos, por isso o grande apoio. E nessa questão das variáveis, eu acho que não deve estar centrada nem no juiz nem no crime ou na infração, tem que estar centrado - e aí é que está a questão pedagógica - o cerne da mudança é: nós todos estamos festejando a grande possibilidade, porque pela primeira vez na história dessa Febem, os personagens mudaram a sua fala, e isso causou um grande impacto. O que o secretário Alexandre de Moraes está fazendo é um caminho novo, mas nós precisamos discutir e aprofundar essa questão pedagógica, porque nós também trabalhamos para que o advogado, o defensor, o juiz, o promotor, devem ser educadores. O jovem deve saber todas essas questões. Mas a sociedade tem que aprofundar a questão pedagógica... Mas aí padre, deixa... Que eu acho que é oportuno... É que eu ia fazer a pergunta para ele, que eu gostaria de ouvir publicamente o que o secretário... Mas eu vou complementar para você para a sua pergunta ficar mais rica. É que a impressão que a gente tem - depois que o padre falou e eu endosso a maioria das referências positivas que ele fez - a impressão que a gente tem é que quem está diretamente ligado à direção da Febem, como é o seu caso, secretário, está no sufoco, está na trincheira, está no dia-a-dia, está no meio do campo. Agora, são seis mil internados, são seis mil pessoas diferenciadas do ponto de vista de ter dificuldades, na sua formação, maiores do que os adolescentes costumam ter. Todo mundo que tem filho, que tem neto, sabe o trabalho que dá educar. Então imagine educar uma pessoa problemática. A primeira coisa que se tem que ter em relação a esse problema - e ele é assim secularmente - é uma grande humildade, quer dizer, não esperar soluções milagrosas de um dia para o outro, porque é realmente um problema difícil, complexo, que existe em todas as sociedades. Agora a minha pergunta que vai muito na linha do que padre falou é: ao lado dessas medidas mais imediatas que estão sendo tomadas, de disciplina, de mostrar para o sindicato que não é o sindicato que tem que mandar lá dentro, o sindicato tem que colaborar, essa diferença entre o agente de segurança e o educador, tudo isso é positivo, mas é medida de trincheira, é uma coisa assim em cima da carne sangrando. Eu pergunto: para esses seis mil, a Febem tem uma estrutura de gente pensando, estudando, pesquisando, para, mais ou menos, individualizar cada situação do menino que entra lá? Porque realmente, o Markun falou que tem tantos anos de profissão que cobrem os seus anos de vida; se somar os seus anos de vida e os anos de profissão dele, eu tenho mais idade do que essa soma... Então, eu já vi esse problema como governo, eu já vi esse problema como não governo, e nas minhas visitas a esses lugares, que foram sempre amiudadas, às vezes, a gente olhava para um menor, tratado como perigoso etc, e sentia no olhar dele: “vocês não conseguem melhorar a minha situação”, quer dizer, “não é possível vocês realmente fazerem com que eu saindo daqui, eu não volte para aqui”? Essa estrutura pensante, essa estrutura de estado-maior, hoje, a Febem tem essa estrutura para planejar, para pensar na questão pedagógica, etc, ou a Febem só está capacitada naquilo, que você está fazendo bem, que é o jogo imediato?",54,"Não. Nós, inclusive, todas essas medidas que foram tomadas, nós só antecipamos em virtude... Elas seriam feitas agora após o carnaval, em virtude da ameaça que foi feita pelo sindicato de trancar todos os adolescentes e saírem andando, deixando os adolescentes sem água, sem comida, para mostrar apoio aos torturadores. Isso foi uma ameaça divulgada pela imprensa, de própria voz de dirigentes do sindicato. Então nós antecipamos. Mas isso tudo vem sendo programado desde agosto, dentro de uma mudança geral da Febem, uma mudança geral da Fundação. E essa mudança de mentalidade é exatamente para se pensar um novo modelo pedagógico, é um modelo em que a gente possa investir muito mais, por isso que eu insisto aqui na questão do ensino profissionalizante...",ANSWERS,answers,responds
57,Alexandre de Moraes,07/02/2005,55,José Gregori,Mas você nos seus quadros funcionais tem bons educadores?,56,Sim...,ANSWERS,answers,responds
58,Alexandre de Moraes,07/02/2005,59,José Gregori,Psicólogos?,60,A primeira grande alteração...,PARTIAL,partial,partial
59,Alexandre de Moraes,07/02/2005,61,José Gregori,Tem bons psiquiatras?,62,"A primeira grande alteração que nós fizemos foi vincular todas as unidades a uma pedagoga. Nós trouxemos uma pedagoga, psicopedagoga com formação na PUC, há muito tempo trabalhando com adolescência, para já mostrar essa alteração de mentalidade. Quanto à questão de psiquiatras que foi dito, nós queremos não transferir, no sentido pejorativo da coisa, mas transferir para as universidades que querem, a USP, a universidade federal, querem auxiliar, mas querem sem nenhuma ingerência, elas querem poder colocar o seu plano de atuação universitário acadêmico lá, que vem ao encontro com o que falou o Rubens, o padre Júlio, de uma co-gestão, porque muitas entidades, muitas universidades olham com reserva a Febem, porque às vezes elas vêm para ajudar, mas aí elas não podem instalar o que elas sabem fazer...",ANSWERS,answers,responds
60,Alexandre de Moraes,07/02/2005,65,Renato Lombardi,"Mas eles estão separados pela periculosidade, eles estão separados?",66,"As unidades, elas...",PARTIAL,,responds
61,Alexandre de Moraes,07/02/2005,67,Renato Lombardi,Os infratores?,68,"Elas são separadas em primários, primários graves, reincidentes graves, reincidentes médios, reincidentes...",PARTIAL,answers,responds
62,Alexandre de Moraes,07/02/2005,69,Renato Lombardi,"Eu vou fazer aqui, entre aspas, o “advogado do diabo”. E vou falar um pouco a respeito dos monitores e dos funcionários - que não são todos - e coloco aqui a minha posição que sou contrário a qualquer tipo de tortura, a qualquer tipo de agressão, que não é por aí. Eu acho que se o sujeito não tem capacidade, ele vai fazer outra coisa e não vai cuidar de menor. Agora, os menores, esses de alta periculosidade, esses envolvidos em latrocínios, envolvidos em seqüestros, em assaltos, que tipo de diálogo tem com o monitor esse tipo de menor? Porque quem está nos vendo aqui vai dizer o seguinte: “Bom, tudo bem, a Febem tem aqui 6 mil infratores, 1800 maiores acima de 18, mas tem gente lá também que precisa ficar na cadeia mesmo, não tem como tratar com a mão em cima da cabeça”.",70,"Eu acho que todos os que estão internados têm que ter um tratamento de disciplina, de contenção e educação. Agora, o Estatuto da Criança não faz essa separação por crime ou ato infracional praticado. Essa é a grande mudança do Estatuto da Criança em relação ao Código de Menores. Aqueles adolescentes devem ser vistos muito mais no seu potencial do que propriamente o que eles praticaram. Lógico que todos aqueles, a gravidade do delito, fez com que eles tivessem internados; nenhum vai ter, como às vezes se propaga, moleza. Porque eles estão internados, eles têm uma disciplina rígida, eles têm um horário semanal só de visita, eles têm que praticar todas aquelas atividades, seja pedagógica, seja profissionalizante...",ANSWERS,ANSWERS,responds
63,Alexandre de Moraes,07/02/2005,73,José Gregori,Eles são ocupados o dia todo?,74,Nós temos...,PARTIAL,,responds
64,Alexandre de Moraes,07/02/2005,75,José Gregori,Todos?,76,"... todos os cursos profissionalizantes em todas as unidades. Agora nós vamos instalar ao mesmo tempo para todos. Qual a mudança disso? Há cursos profissionalizantes em todas as unidades, só que em uma determinada unidade que tenha, por exemplo, 80 adolescentes, o curso é para 20. Então, esses 20 fazem em dois meses, daí outros 20 começam. Então às vezes há lapsos em que não se faz... durante a tarde o adolescente fica sem fazer um curso profissionalizante. A partir de março foi outra a estruturação...",ANSWERS,,responds
65,Alexandre de Moraes,07/02/2005,77,Paulo Markun,"Desculpe só interromper. Isso quer dizer, na prática, sem fazer nada?",78,"Não, eles ficam fazendo laborterapia.",ANSWERS,,responds
66,Alexandre de Moraes,07/02/2005,81,Padre Júlio Lancellotti / Renato Lombardi,"A questão, secretário, séria, é de que nós também vemos com preocupação que muitas vezes nós pegamos os modelos penitenciários e queremos transpô-los para os modelos de privação de liberdade. Isso traz na cabeça do adolescente também essa transposição; ele, simbolicamente, no seu imaginário, também se transporta para o sistema penitenciário. Por isso nós estamos preocupados com a questão de discutir na Febem um regime disciplinar diferenciado. Eu acho que nós tínhamos que discutir na Febem um regime pedagógico diferenciado. Então quem apresenta uma situação social até de envolvimento com a criminalidade... Pesada... ... mais complexa, mais densa, tem que receber maciçamente um tratamento maior...",84,"É interessante isso, hein padre, olha...",PARTIAL,evades,evades
67,Alexandre de Moraes,07/02/2005,85,Padre Júlio Lancellotti,"... um tratamento muito mais complexo. O regime não é disciplinar diferenciado como fizeram com os adultos, porque no imaginário dos meninos, eles também querem ser tratados como bandido perigoso. Muitas vezes eles contam uma porção de coisas que é para ter poder. Então você também tem que desconstruir esse imaginário e sugerimos isso: um regime pedagógico diferenciado...",86,"Sim, mas exatamente padre, essa idéia, em nenhum momento se pretendeu criar um regime, como foi dito pelo sindicato, um regime disciplinar diferenciado. Isso é questão do sistema prisional, que pode deixar 24 horas ou 23 horas - é uma hora só de banho de sol - a pessoa presa, isso não se aplica à infância e juventude. A nossa idéia ao separarmos... Queremos agora imediatamente separar em quatro unidades os maiores de 18, porque isso é uma determinação legal de interpretação do ECA que fala que o perfil, a compleição física, a idade devem sem separados. Os maiores de idade têm maior dificuldade realmente de se adequar às regras de disciplina: eles não querem assistir às aulas, eles não querem fazer nenhum tipo de curso profissionalizante, eles não querem ter acompanhamento de psicólogos. Então essas unidades - agora já quatro para maiores de 18 e uma para menores de 18, com um perfil mais difícil - vão ter um número muito maior de educadores. A média que vai ser de um para doze nas outras unidades, nós queremos fazer de um para oito nessas unidades...",ANSWERS,,responds
68,Alexandre de Moraes,07/02/2005,89,Padre Júlio Lancellotti,"Inclusive de saber diferenciar a psicologia de um rapaz de 18 anos. Por que o de 18 anos é diferente? É porque ter 18 anos é mal? Ter 18 anos é ruim? Porque ele fica mais perigoso por ter 18 anos? Nós temos também que desconstruir uma linguagem que, ou pela mídia ou pelo jornalismo especializado, acaba passando para a opinião pública, que nós estamos lidando com pessoas com as quais é completamente impossível lidar. E quando nós fazemos esse discurso, nós estamos dizendo: “Nós é que somos incompetentes e não sabemos lidar”. Então como o senhor reafirma: esse regime de pedagogia diferenciado tem que trazer a capacidade de lidar com o desafio, de lidar com aquele que me diz não.",90,"Sim, são pessoas diferenciadas que vão tratar com maiores de 18 anos...",ANSWERS,partial,partial
69,Alexandre de Moraes,07/02/2005,93,Padre Júlio Lancellotti,Qual é a sua posição então quanto ao rebaixamento da maioridade penal?,94,"Eu sou contra por dois aspectos. Primeiro no aspecto constitucional, a Constituição traz como garantia fundamental do menor de 18 não poder ser responsabilizado criminalmente, eu acho que isso é imutável. E também no sentido prático, não adianta absolutamente nada isso. Vários países que o fizeram não conseguiram solucionar o problema. Nós temos a Inglaterra, temos Israel, Estados Unidos, alguns estados dos Estados Unidos. O que é necessário é que o maior de 18 anos não pode ficar em uma mesma instituição que o menor de 18 anos. É comprovado isso, que o cérebro se desenvolve na parte física até os 12 anos, por isso é criança, considerado criança pelas normas da ONU. De 12 a 18 aí entra a parte moral, a parte ética. E após 18, ele já está formado. Então os maiores de 18 acabam sendo elementos maléficos na própria ressocialização dos menores de 18. E como o padre mesmo disse, é importante o tratamento diferenciado deles. Psicólogo vai ter um outro encaminhamento, educação outro encaminhamento, mas em relação à maioridade penal, eu sou contrário.",ANSWERS,answers,responds
70,Alexandre de Moraes,07/02/2005,97,Daniel Bramatti,"Secretário, em relação à questão da tortura, desse bloco de funcionários que foi denunciado por tortura, tem onze que começaram a trabalhar no final de novembro de 2004, ou seja, eles tinham um pouco mais de um mês e meio de trabalho e já estão sendo acusados de tortura. O senhor diria que tem uma cultura de tortura tão arraigada na Febem que pode contaminar essas pessoas, a banda podre é tão forte assim? Qual é o fenômeno que se lê desse...?",98,"Dos 30, 29 e depois mais seis, os 35 para os quais a prisão preventiva foi decretada, há onze que têm pouquíssimo tempo de Febem, o que mostra exatamente que nossa luta, nossa geral, não só da Febem, da sociedade civil, do governo é para mudar a mentalidade. Lógico, nós temos que combater firmemente, fortemente os fatos que ocorrem, mas é necessário uma mudança de mentalidade, porque se nós olharmos para trás, nesses últimos 5, 10, 15, 20 anos, vários funcionários foram sendo demitidos, mandados embora e em algumas unidades, em alguns casos, a mentalidade continua a mesma. Porque esses maus funcionários, esses funcionários, às vezes, têm absoluta certeza dentro da cabeça deles que a única forma de lidar com adolescente é essa.",ANSWERS,ANSWERS,responds
71,Alexandre de Moraes,07/02/2005,99,Paulo Markun,"Quer dizer, existe um regimento interno não escrito que funciona? Isso aí é errado?",100,"Existe por parte de alguns funcionários, e o que eles passam para os novos funcionários é exatamente isso: “ou é assim ou não funciona”.",ANSWERS,answers,responds
72,Alexandre de Moraes,07/02/2005,101,Renato Lombardi,O que estimula isso?,102,"Isso acaba sendo uma mentalidade de servidores, ora alguns - realmente como eu falei, e eu até repito, que não têm salvação - porque eles acreditam nisso, ora para outros casos, como por exemplo, para ganhar horas-extras. Nós temos...",ANSWERS,,responds
73,Alexandre de Moraes,07/02/2005,103,Gilberto Nascimento,"Secretário, quem é esse “maestro” da banda podre lá dentro? Que nunca saiu, então, e continuou sempre...?",104,"Eu não posso apontar, personificar, exatamente porque eu não tenho ainda provas em relação a uma pessoa específica. Mas há um mecanismo que a gente vai analisando, por exemplo, dois fatos que se juntam exatamente para levar a essa conclusão. Nós temos... E agora eu mandei cortar todas as horas-extras, exatamente porque com esses novos servidores, nós não precisamos mais de horas-extras. E isso gera uma reação muito grande, porque essas horas-extras acabam sendo realizadas um mês, dois meses, três meses, daí muito servidores pedem atestado e saem para deixar uma outra leva pegar essas horas-extras.",ANSWERS,partial,partial
74,Alexandre de Moraes,07/02/2005,105,Daniel Bramatti,Houve uma investigação sob a máfia das horas-extras?,106,"Tanto a investigação da máfia das horas-extras quanto a dos atestados continuam. Nós temos mais de mil servidores afastados; nós chamamos no final do ano passado, junto com o Ministério Público Estadual, Federal e o INSS, 850 servidores foram convocados pelo Ministério Público - há um inquérito civil em relação a isso - para comparecerem a essa junta médica iria fazer uma análise. Compareceram 220, 230 servidores, os outros não comparecem, e agora o Ministério Público vai tomar as providências cabíveis. Desses, mais de 150 podem voltar imediatamente a trabalhar, atestados pelos médicos que não têm nenhum problema. Tem servidor que não está trabalhando há dois anos com atestado, e tem um bar ou tem uma outra função; só que eles se licenciam no auge das horas-extras, e o INSS acaba pagando porque a legislação determina assim. “Ah, mas não gera um prejuízo para a Febem porque é o INSS que arca”. Mas gera um prejuízo para o poder público, isso é dinheiro público...",ANSWERS,,responds
75,Alexandre de Moraes,07/02/2005,107,José Gregori,"Agora, esses 9 mil que foram para lá, prestaram algum tipo de exame, fizeram algum curso de especialidade? Quer dizer, tirando os que são psicólogos, psiquiatras?",108,"É, são 4400 mil que são os agentes de pátio, os agentes técnicos. Eles foram contratados por concurso. Logicamente e agora, até mudando essa filosofia, o concurso vai poder ser mais rigoroso porque não existe uma pessoa que tenha especialidade ao mesmo tempo para ser educador e ser agente de segurança. São duas especialidades diversas. Com essa separação, nós estamos exigindo... Até porque essa contratação que fizemos, por determinação legal, é emergencial. Nós vamos abrir concurso público para todas essas vagas. O agente educacional tem que ter curso superior, vai ter que mostrar habilidade já, antecedentes aqui, no bom sentido de trabalho social, e o agente de segurança vai ser treinado para a segurança. Então esses todos que foram contratados, eles foram por concurso público, mas, talvez, até a dificuldade de se somar duas funções em um único cargo prejudicou a escolha e a mentalidade, porque muitos já vêm com a mentalidade de que só tem um jeito de cuidar de adolescente, que é na pancada.",ANSWERS,answers,responds
76,Alexandre de Moraes,07/02/2005,113,Mário Volpi,"Mas é algo que não se consegue, hoje, identificar exatamente quem é o “maestro dessa banda”. Se nós temos uma presença de torturadores em diferentes instituições, não é temerário você pegar um profissional que ainda não está preparado, que não conhece esse meio e incluí-lo aí? Não é mais previsível de que ele vai ter que fazer acordos tácitos, vai ter que trabalhar com quem já está viciado? Quer dizer, não seria mais interessante desenvolver uma estratégia em que, paralelamente à administração dos conflitos, das tensões, a apuração das responsabilidades, a punição dos torturadores, se fizesse a criação de uma instituição que pudesse cumprir a função de aplicar a medida socioeducativa de uma forma mais competente, separando-a dessa instituição que tem que acabar?",114,"Então, mas é exatamente isso que nós estamos fazendo. Nós não estamos misturando os servidores, nós estamos trocando os servidores já em 11 unidades; nas unidades que geraram historicamente mais problemas, já ingressaram esses servidores. Estão ingressando agora a partir de sexta, sábado, domingo, segunda, agentes de segurança e agentes educacionais. Os servidores que saírem vão ser reciclados, vão passar por cursos, aqueles que não se adaptarem serão desligados...",ANSWERS,ANSWERS,responds
77,Alexandre de Moraes,07/02/2005,118,Renato Lombardi,"E qual é a explicação que o senhor recebeu de pessoas que passaram a trabalhar em novembro e se envolveram em torturas em janeiro? Como é que é isso? Novembro, dezembro e janeiro: três meses!",119,"Sim, essas pessoas...",ANSWERS,answers,responds
78,Alexandre de Moraes,07/02/2005,120,Renato Lombardi,Qual é a explicação?,121,"Elas não deram nenhuma explicação, exatamente porque elas negam que tenha havido tortura, apesar de todos os sinais...",ANSWERS,,responds
79,Alexandre de Moraes,07/02/2005,132,José Gregori,"Uma coisa bem direta, secretário: o sindicato se interessa em mostrar para a população paulista, que é quem paga o salário, que o sindicato tem algo a ver com a melhora, por exemplo, da reincidência desses menores? O sindicato se interessa em mostrar que se está havendo uma melhora de cada menor internado, isso se deve, em alguma medida, a esforços que o sindicato tem feito junto aos seus associados?",133,"Esse ponto, ministro, que o senhor tocou, é exatamente o que várias vezes eu conversei com o sindicato. alguns momentos o sindicato deveria estar ao lado da presidência da Febem. Exatamente para mostrar essa melhora, essa capacitação, nós fizemos, no início da gestão, pela primeira vez, cursos de reciclagem, com duração de 15 dias para todos os agentes técnicos. Começou na última semana de setembro, outubro, novembro e dezembro, exatamente para melhorar o exercício da função. Eu disse várias vezes ao sindicato que quando ocorrem maus tratos e tortura, o sindicato deveria ser o primeiro a se aliar todos contra isso, porque aquela pessoa que praticou maus tratos e tortura vai ser demitida da Febem, não vai mais ser sindicalizada. Essa pessoa não interessa ao sindicato por nenhum motivo, porque acaba denegrindo a própria classe. Mas a política, lamentavelmente, do sindicato não é nem de mostrar melhoria da atividade daqueles servidores e nem de apoiar as boas causas...",ANSWERS,answers,responds
80,Alexandre de Moraes,07/02/2005,136,José Gregori,"Felizmente a greve foi curta e derrotada, não é?",137,"A greve não existiu, porque fora 50 ou 60 pessoas ligadas ao sindicato, os outros trabalharam porque viram que não havia a mínima legitimidade nessa greve.",ANSWERS,,responds
81,Alexandre de Moraes,07/02/2005,138,Gilberto Nascimento,"Secretário, em diferentes governos aí, muita gente que comprou essa briga com instituições como a Febem, ou mesmo que tentou mudar a cultura de presídios, acabou caindo. Qual é a estratégia do senhor para evitar que acabe acontecendo a mesma coisa?",139,Que eu acabe caindo?,PARTIAL,evades,evades
82,Alexandre de Moraes,07/02/2005,141,Renato Lombardi / Gilberto Nascimento,"E pelas suas atitudes dá para ver que não tem acordo, não tem acerto, como se fez em outras ocasiões em que a Febem não tinham problema nenhum externo, mas interno era uma tragédia! Então, qual é a estratégia para evitar isso?",143,"Não tem a mínima possibilidade de acordo comigo com ilegalidade, maus tratos, tortura, máfia de horas-extras, indisciplina... Então eu estou na Febem exatamente para aplicar o que a Constituição determina, o que a Lei determina, e é isso que eu vou fazer, aplicar a Lei. Então, não tem acordo obviamente com os maus setores e funcionários, nós vamos mudando dentro desse planejamento estratégico, dessa reforma profunda administrativa, dessa união com a sociedade civil. Por isso que eu repito aqui, não agora com o que ocorreu, mas desde o início eu venho dizendo da minha gestão: a sociedade civil deve inundar a Febem. Nós queremos que a sociedade civil esteja diariamente na Febem...",ANSWERS,,responds
83,Alexandre de Moraes,07/02/2005,144,Rubens Naves,"Transparência, não é secretário?...",145,Transparência total!,ANSWERS,,responds
84,Alexandre de Moraes,07/02/2005,148,Gilberto Nascimento,"Há uma reivindicação de criar uma ouvidoria independente, com membros da sociedade civil. O que o senhor acha dessa...?",149,"Nós estamos analisando, acho não só isso uma boa iniciativa, como também eu já pedi para a nossa assessoria jurídica dar um olhada e criar um conselho representante de toda a sociedade civil para atuar, como o Rubens colocou, em uma co-gestão. Porque se nós queremos, e porque eu acho que assim é o correto em uma gestão moderna, o poder público não pode ser presunçoso, arrogante e prepotente. O poder público tem que ser parceiro. Se nós queremos a parceria, nós temos que tratar a sociedade civil como parceira, não como subordinada, como empregada, como parceira. Então esses dois mecanismos podem auxiliar muito na parceria, tanto a ouvidoria quanto um conselho ligando várias entidades, para que a gente possa, com transparência, com esforço, com trabalho, melhorar essa mentalidade, melhorar essa...",ANSWERS,answers,responds
85,Alexandre de Moraes,07/02/2005,150,José Gregori / Rubens Naves,"Agora, o bom funcionário é reconhecido como tal, secretário? Mas voltando à questão da arquitetura. Veja só, existem vários técnicos e profissionais da área da criança e do adolescente que acreditam que sem a mudança desse número de adolescentes que estão nesses estabelecimentos, é muito difícil você levar avante um trabalho. Nós precisaríamos de diretrizes ligadas à filosofia do Estatuto da Criança e do Adolescente. Como foi chamada a atenção aqui pelo padre Júlio, é um ser em formação, ele tem que ter uma atenção especial. Há uma impossibilidade, a partir de 100, 200 adolescentes juntos, de você fazer um trabalho pedagogicamente correto. Por mais que a gente tenha um esforço, por exemplo, iniciativas como essa das mães, a presença das mães, iniciativas que estão, inclusive, sendo copiadas; a Amar hoje está sendo espalhada pelo Brasil inteiro. No Fórum Social Mundial agora foi indicado como exemplo de como a comunidade, como a família é importante na recuperação do adolescente. O secretário não acha que nós devemos ir um pouco mais a fundo nessa questão envolver politicamente? O governo federal, na próxima semana, vai anunciar um grande plano, um projeto para a juventude brasileira. É possível a gente continuar com um projeto para a juventude brasileira e não tratar dessa parcela ínfima - é 0,4% - essa parcela que é tão insignificante em termos da população juvenil. Nós precisamos juntar esforços, inclusive federal, esforços do governo federal, do governo estadual, para a construção de novas unidades compatíveis com a filosofia do estatuto. Você, nesses mega alojamentos em que os adolescentes estão, é quase impossível você desenvolver essa política.",152,"Já houve um grande avanço se nós pegarmos de dois, três anos, principalmente, para cá, porque as unidades eram gigantescas, as novas unidades foram construídas para 150, o que ainda não é o número ideal, o ideal seria em torno de 40, que é o número indicado. Já houve um grande avanço. Nós temos problemas grandes em relação a isso. O primeiro deles é que nenhum município, ninguém quer uma unidade da Febem. Qual é o ideal em relação a isso? Que aqueles adolescentes infratores de uma determinada região fiquem na sua região. Nós temos em São Paulo em torno de 4.900 internos, em São Paulo e Franco da Rocha, e nós temos pelo menos 1.800 que seriam do interior. Agora, grandes municípios que deveriam receber isso aprovam, inclusive, leis municipais, que são inconstitucionais, mas aprovando que a Febem não pode estar no seu território, a Febem só pode estar no território se a Câmara Municipal aprovar. Nós temos no ABC exemplo disso, em Ribeirão Preto exemplo disso, e aí nós temos que correr atrás, derrubar lei no Tribunal de Justiça, e gera toda uma problemática. Qual a nossa idéia inicial aqui? Eu não quero construir unidades de internação...",ANSWERS,answers,responds
86,Alexandre de Moraes,07/02/2005,155,Paulo Markun,"Secretário, nós vamos... O senhor quer terminar?",156,Eu só vou completar em um segundo aqui...,PARTIAL,partial,partial
87,Alexandre de Moraes,07/02/2005,159,Paulo Markun,"Secretário, o senhor é filiado ao PFL . O que o fez afiliar-se a um partido e como é que combina isso com a atuação na área, primeiro da Justiça, porque o senhor trabalhou no Ministério Público, e depois, agora, no governo?",160,"É, eu trabalhei 10 anos, eu fui promotor um pouco mais de 10 anos, e eu sou da turma depois de 88, ou seja, eu não posso me afastar do Ministério Público e voltar depois. Eu tive que pedir exoneração do Ministério Público quando o governador me convidou. E eu tenho...",ANSWERS,,responds
88,Alexandre de Moraes,07/02/2005,161,Paulo Markun,"Quer dizer, o senhor encerrou a carreira?",162,"Eu encerrei a carreira. Quando eu deixar de ser secretário, eu estou desempregado. Então, eu precisaria tirar a minha OAB para advogar, eu encerrei a carreira. Agora, eu tenho uma proximidade muito grande com o professor Cláudio Lembo, que conheci há muito tempo do Mackenzie - eu sou professor titular no Mackenzie - e ele era o reitor. E só após um ano eu fui me filiar, um ano após estar na secretaria, a convite do professor Cláudio Lembo, eu me filiei ao PFL. Então, foi nesse contexto a minha filiação. E os ideais do liberalismo na área jurídica são ideais que não conflitam absolutamente em nada com essas posturas, isso é muito importante e acabou se perdendo na história do Brasil. Se nós formos pegar historicamente quem sempre defendeu garantias individuais, quem sempre defendeu princípios de defesa do ser humano, quem sempre defendeu as liberdades públicas, foram os liberais. Isso fica muito claro lá atrás quando o último grande primeiro ministro liberal na Inglaterra, Gladstone , no reinado da rainha Vitória, edita vários atos sempre em defesa das liberdades públicas, das garantias individuais. Nos Estados Unidos, o partido menos conservador, mais ligado ao liberalismo, é exatamente o Partido Democrata, que tem as grandes bandeiras liberais. Então, somado isso a minha própria formação de promotor, a formação de professor de direito constitucional, de direitos humanos fundamentais na USP, eu acho que eu não teria outra postura a tomar do que essa que eu venho tomando.",ANSWERS,,responds
89,Alexandre de Moraes,07/02/2005,163,Gilberto Nascimento,"Secretário, mas o senhor vai procurar mostrar a colegas do partido do senhor - têm muitos que são dos que mais dizem ou reproduzem essa coisa de que o ECA defende bandido, que direitos humanos é coisa de bandido. Tem muita gente dentro do partido do senhor que difunde esses conceitos. O senhor vai procurar mostrar para eles que não é bem assim, é uma coisa um pouco diferente?",164,"Isso você está dizendo, não é? Que tem muitas pessoas...",ANSWERS,,evades
90,Alexandre de Moraes,07/02/2005,173,Rubens Naves,"Secretário, nós falamos um pouco aqui sobre a questão da responsabilidade da sociedade na recuperação desses jovens. Nós falamos aqui das vantagens de você ter medidas preventivas e a questão da liberdade assistida, se ela for implementada na capital e na Grande São Paulo, vai ser uma grande solução. Agora, nós falamos também de toda a prática da gestão dentro da Febem, inclusive da prática pedagógica, etc. Agora, nós poderíamos falar um pouco sobre o egresso, a saída. Como é que esse adolescente... Que perspectivas ele tem, que perspectivas o estado de São Paulo está tomando em relação a ele no sentido de diminuir um pouco o estigma que sofre o adolescente por ter passado por uma medida socioeducativa ou até mesmo por ter passado por um estabelecimento como a Febem?",174,"Esse é o grande problema, não só nacional, mas o problema mundial relacionado a qualquer privação de liberdade que é o egresso. Há um estigma muito grande, há um preconceito em relação aos egressos; no caso dos adolescentes, há uma vantagem que a lei permite que eles não são identificados como tal, depois de serem maiores de idade. O trabalho que nós pretendemos fazer em relação ao egresso é primeiro chamar a comunidade para dentro, para que a comunidade se sinta responsável também por esse adolescente, para que ele comece a firmar seus vínculos antes de sair. Porque o grande problema do tratamento do egresso é que as pessoas só querem auxiliar depois que ele saiu; só que daí ele já sofreu a primeira carga de preconceito. Então, a nossa idéia é trazer, antecipar isso, trazer a sociedade, trazer organizações, igrejas, para que ele já esteja no seio da comunidade, para quando ele sair, nós não tenhamos a necessidade de uma climatização tão grande. Seja com as paróquias - e nós conversamos com o cardeal Dom Cláudio para que as paróquias se aproximem mais dos adolescentes da Febem, mas já da sua paróquia. Então, nós vamos fazer um senso interno na Febem para saber quem é de cada paróquia, para aproximar, para que ele já tenha o contato com a sua comunidade, em relação às outras religiões também. Seja em relação à profissão. Nós fechamos um convênio no final do ano passado com a Arpen, Associação dos Registradores de Pessoas Naturais , conhecido vulgarmente como os cartórios de nascimento, casamento, e nós já temos 40 adolescentes que estão fazendo um curso técnico de encadernação, já estão com uma conta na Nossa Caixa depositando mensalmente, e quando saírem a Arpen já vai dar o emprego para essas pessoas. O importante é fazer esse link que às vezes falta, o egresso sai sem nenhuma possibilidade. Lógico que não é fácil para ninguém arrumar emprego, para o egresso também não será tão fácil, mas a partir deste ano, junto com a Associação Comercial, que é o Projeto Degrau, que já deu emprego para 50 mil adolescentes não infratores, mas nós queremos incluir os infratores. Então nós pegaríamos a Associação Comercial Industrial da cidade...",ANSWERS,answers,responds
91,Alexandre de Moraes,07/02/2005,177,Padre Júlio Lancellotti,"Eu queria fazer uma questão antes, secretário. Como nós estamos no último bloco e antes que acabe, agora sem falar como secretário, nem como ex-promotor, nem como presidente da Febem. Eu tenho tido a impressão, em todo esse tempo e no contato com o senhor, de que houve um convencimento pessoal da sua parte, alguma coisa humana lhe tocou, alguma coisa da sua história, do Alexandre Moraes como pessoa teve um envolvimento, alguma coisa que tocou muito de perto. Eu queria lhe perguntar como pessoa humana, não como secretário e nem presidente da Febem, o que foi que lhe aconteceu quando o senhor entrou na Vila Maria e as portas que estavam fechadas, o senhor mandou abrir, e ali encontrou os jovens mais torturados e arrebentados. O que é que tocou no Alexandre de Moraes?",178,"É lógico que é difícil separar as funções da pessoa enquanto você ainda exerce funções. Mas é lógico que gera uma grande revolta quando a gente vê uma situação dessa, exatamente praticada por quem deveria estar tomando conta. E essa indignação, é mais do que uma revolta, é uma indignação, isso faz com que providências tenham que ser tomadas. Eu sempre acreditei no que eu estou falando hoje, não é de hoje, então fica muito mais fácil atuar nesse sentido; eu acredito realmente no que eu venho dizendo, eu acredito nas práticas que eu venho indicando, acredito na parceria, eu acredito muito no ser humano. Sem aquele discurso demagógico de que todos são bonzinhos ou não, acho que nós temos que tirar esse maniqueísmo que existe muito grande. As pessoas estão lá porque praticaram um ato infracional que a lei determina que estejam lá. Só que nós temos que fazer a nossa função que é melhorar essas pessoas, nós temos que acreditar que nós podemos melhorar, ou pelo menos temos que tentar o máximo nesse sentido, sempre respeitando o ser humano como ser humano. Esse desrespeito ao ser humano que eu senti quando entrei na unidade da Vila Maria me indignou profundamente, isso não pode voltar a se repetir, por isso que essa atuação rápida nesse sentido.",ANSWERS,answers,responds
92,Alexandre de Moraes,07/02/2005,179,José Gregori,"Alexandre, eu estou notando o seguinte: você tem falado em todas as dimensões do problema e tal, mas se referiu muito pouco ao judiciário. O judiciário tem sido seu aliado? Quer dizer, você tem sentido o judiciário...",180,Sim...,ANSWERS,,responds
93,Alexandre de Moraes,07/02/2005,181,José Gregori,Como um parceiro real?,182,"Sim, nós temos um ótimo contato com o poder judiciário. A questão da semi-liberdade foi até uma proposta que eu levei ao corregedor geral e aos juízes corregedores, e a contraproposta veio até melhor do que eu imaginava. Então, também o poder judiciário sentiu que é importante o judiciário se movimentar no sentido de antecipar os problemas, porque para o poder judiciário ficar só com a possibilidade de internar ou desinternar, isso é muito triste e muito grave. Então o poder judiciário vem auxiliando, lógico que nós não concordamos em tudo, como eu não concordo em tudo com outras entidades, mas eu posso afiançar e garantir que o trabalho que vem sendo realizado pelo judiciário aqui em São Paulo é um trabalho muito próximo aos adolescentes. Os juízes e promotores, o judiciário e o Ministério Público, comparecem sempre às unidades, eles auxiliam os adolescentes, eles vivem aquilo, eles não ficam no gabinete simplesmente, é um trabalho muito próximo. São grandes parceiros, tanto o judiciário quanto o Ministério Público. E, para frente, eu entendo que serão mais parceiros ainda, porque eles querem descentralizar, eles querem semi-liberdade, eles têm as mesmas metas que nós temos. Então a parceria é muito boa aqui em São Paulo.",ANSWERS,,responds
94,Alexandre de Moraes,07/02/2005,183,Paulo Markun,"Secretário, para finalizar, nosso tempo está acabando, mas é o seguinte: há pessoas que têm filhos que não estão na Febem, mas estão na ante-sala da Febem. Para esse tipo de gente, a Febem tem algum tipo de atendimento ou não é o departamento dela?",184,"É, a Febem não é... Eu não diria que não é, eu diria, não seria...",ANSWERS,partial,partial
95,Anthony Garotinho,20/03/2006,2,Paulo Markun / [Comentarista],"Boa noite. Foram duas batalhas: uma na Justiça, outra dentro do próprio partido. O PMDB viveu neste final de semana uma grande confusão em torno da escolha prévia de seu pré-candidato à presidência da República. No final, barrada pela Justiça, a prévia virou consulta informal, e o ex-governador do Rio de Janeiro Anthony Garotinho venceu, apesar do concorrente Germano Rigotto ter recebido quase o dobro dos votos. Garotinho foi favorecido pelo critério antecipadamente combinado da média ponderada que dá peso diferente aos votos nos estados. Rigotto, governador licenciado do Rio Grande do Sul, tentou questionar, mas voltou atrás e reconheceu a vitória de Anthony Garotinho, convidado desta noite do Roda Viva, na qualidade de pré-candidato do PMDB à presidência da República. O presidente nacional do PMDB, deputado Michel Temer, reconheceu hoje que a consulta informal de ontem não deve ter validade legal, tudo ainda depende da convenção nacional do partido, em junho. Mas a vitória de Anthony Garotinho como pré-candidato é um resultado político, tanto para os oposicionistas do PMDB quanto para ele próprio que se coloca na corrida presidencial pela segunda vez em sua vida política. Anthony Garotinho nasceu no dia 18 de abril de 1960, em Campos, no norte do estado do Rio. Em 75 entrou para o Movimento Estudantil onde deu seus primeiros passos na política sob influência do Partidão, o antigo PCB. Garotinho participou da fundação do Partido dos Trabalhadores da cidade de Campos. Em 86, foi o candidato mais votado para a Assembléia Legislativa do estado, pelo PDT de Leonel Brizola. Dois anos depois, venceu a disputa para prefeitura de Campos. Em 96, foi novamente eleito prefeito da cidade já no primeiro turno, com mais de 70% dos votos válidos. Em 1998, Garotinho venceu a disputa pelo governo do Rio com mais de 3 milhões de votos. Quatro anos depois concorreu à presidência pelo PSB. Anthony Garotinho recebeu mais de 15 milhões de votos, terminando em 3º lugar. Agora, pelo PMDB, tenta a presidência depois de derrotar Germano Rigotto na consulta realizada pelo partido. Garotinho também trabalhou em rádios como locutor e narrador de corridas de cavalo e partidas de futebol. Casado com a atual governadora do Rio, Rosinha Mateus, teve nove filhos, cinco deles, adotados. Para entrevistar o pré-candidato do PMDB, Anthony Garotinho, nós convidamos Ricardo Boechat, apresentador do Jornal da Band. Carlos Marchi, repórter e analista de política do jornal Estado de S. Paulo. Tereza Cruvinel, colunista de política do jornal O Globo. Denise Rothenburg, colunista de política do jornal Correio Brasiliense. Plínio Fraga, coordenador da sucursal da Folha de S. Paulo no Rio de Janeiro. E Alexandre Machado, editor de política da TV Cultura. O Roda Viva é transmitido em rede nacional de TV para todo Brasil. Boa noite, governador.",5,"Boa noite, Paulo, é um prazer muito grande estar aqui no Roda Viva com você e com todos os telespectadores.",PARTIAL,answers,responds
96,Anthony Garotinho,20/03/2006,6,Paulo Markun,"Prazer é meu. Eu começo, governador, com perguntas dos telespectadores, que já fizeram antes mesmo do programa iniciar, porque é possível isso também, e todas a respeito das prévias. Eu vou relacioná-las porque são bastante próximas. Cléo Oliveira, de Tocantins, diz o seguinte: “como é que o senhor considera a sua condição no partido já que, apesar da vitória na consulta, Rigotto foi muito mais votado, isso não pode ser considerado falta de apoio das bases”? Aline Ventura, da Bahia pergunta: “o que o senhor achou do José Sarney e Renan Calheiros que boicotaram as prévias”? Daniel Larroque, de Mato Grosso, “qual o motivo que levará a maioria dos peemedebistas que votou em Rigotto a apoiar Garotinho para presidente”? E, finalmente, Leonardo Freitas, de Santa Catarina, “que critério absurdo foi esse”, segundo ele, “onde quem recebeu mais votos perdeu e quem recebeu menos ganhou”?",7,"Em primeiro lugar, Paulo, e a todos os telespectadores que formularam essa pergunta, é preciso reconhecer que eu e governador Germano Rigotto fizemos uma campanha limpa, em nenhum momento o governador Rigotto teve qualquer palavra que comprometesse o respeito ao seu adversário e eu também, e isso ajudou muito a motivar o PMDB no Brasil inteiro. Partido ficou muito entusiasmado, e toda nossa disputa se deu no plano das idéias, sem ataques pessoais, sem nenhum tipo de agressão. Isso foi bom para vida interna do PMDB. Devo reconhecer aqui que eu disputei com um concorrente que foi leal. A primeira pergunta, quanto ao critério, veja, o critério da proporcionalidade é que provocou um equilíbrio entre os candidatos, porque, vejamos só: o Rio Grande do Sul tem 490 municípios, o Rio de Janeiro tem 92. Se fôssemos adotar o critério do voto direto, cada delegado e cada suplente de cada cidade, mais os vereadores com direito a voto, o Rio Grande do Sul tinha três mil delegados na convenção, Rio de Janeiro tinha mil. Só para você ter uma idéia dessa desproporcionalidade, caso não fosse adotado o critério do peso por estado, os estados do Paraná, Santa Catarina, Rio Grande do Sul, e São Paulo, juntos tinham dez mil votos, Rio tinha mil. Embora o Rio tenha 10 milhões de eleitores, 14 milhões de habitantes. Então foi criado um critério pelo qual fazia-se uma média ponderada entre o número de eleitores do estado e o número de votos que o partido obteve na eleição à Câmara Federal e ao Senado. E no caso específico do Distrito Federal, foram computados os votos, como não tem eleição municipal, foram computados os votos do governador Joaquim Roriz. Foi um critério discutido, aprovado por todos, aprovado, inclusive, pelos que estavam representando o governador Germano Rigotto. Pelo critério do voto direto, era impossível qualquer candidato vencer.",ANSWERS,answers,responds
97,Anthony Garotinho,20/03/2006,8,Paulo Markun,"Mas isso, que senhor explicou, mas isso não elimina a questão que foi colocada aqui, o que levará a maioria dos peemedebistas, feita pelo Daniel Larroque, que apoiaram Rigotto, apoiar Garotinho?",9,"Não tenho dúvida de que a própria declaração do governador Germano Rigotto hoje, a própria conversa que eu tive antes de vir para cá com o senador Pedro Simon, que disse: “Amanhã nós vamos reunir o PMDB, e a primeira sessão do Brasil a declarar o apoio a você será o Rio Grande do Sul”. Nós fizemos uma campanha muito juntos, para você ter uma idéia na sexta-feira à noite, eu e Rigotto jantamos juntos, no mesmo restaurante, na mesma mesa, sob o patrocínio do presidente do partido Michel Temer. Todos nós defendíamos a mesma tese: o PMDB precisa ter um candidato próprio, com um novo programa para o país, um programa que pregue o desenvolvimento, que pregue a redução da taxa de juros, e leve o Brasil a um novo período de crescimento, que o país não vê já há algum tempo. Então, eu não creio que haja ressentimentos, se fosse uma campanha onde tivesse cotovelada, deslealdade, ficaria ressentimento, não há ressentimento nenhum entre Garotinho e Rigotto. Nem entre os partidários de Garotinho, nem entre os partidários de Rigotto, todos são partidários da mesma idéia, a idéia de que o partido necessita ter uma candidatura própria.",ANSWERS,,responds
98,Anthony Garotinho,20/03/2006,10,Carlos Marchi,"Governador, o senhor é candidato para ganhar ou é candidato para atrapalhar?",11,"Olha, eu não vou ser candidato para atrapalhar, eu sou candidato para ganhar, e acho que tenho todas as condições de ganhar. Eu parto de um princípio da eleição passada, porque eu não posso partir do princípio do que vai acontecer no futuro. O futuro é uma hipótese, mas o passado é uma realidade. Da eleição passada eu disputei ponto a ponto a ida para o segundo turno com Lula e com José Serra. José Serra tinha dez minutos de televisão, eu tinha um minuto, quase dois minutos, não chegava a dois minutos. José Serra tinha como apoiador, em São Paulo, como candidato a governador, Geraldo Alckmin. Eu tinha como candidato em São Paulo, todo respeito que ele merece, e até se dispôs a candidatar, o sargento Pitoli. E em Minas Gerais, o José Serra tinha como apoiador da sua candidatura, e foi eleito governador, Aécio Neves, eu tinha professora Margarida.",ANSWERS,answers,responds
99,Anthony Garotinho,20/03/2006,12,Carlos Marchi,O senhor agora vai arranjar candidatos melhor nos estados?,13,"Só concluir. No Rio Grande do Sul o Serra tinha o apoio do Rigotto, a aliança era PMDB-PSDB, meu candidato chamava-se Calebe. Em Santa Catarina, o Serra tinha apoio do Esperidião Amin, meu candidato chamava-se Antônio Belo. No Paraná, ele tinha o apoio do Jaime Lerner, Roberto Richa, eu tinha do Seu Severino, eu podia citar todos os outros. Então veja, não tinha palanques, eu não tinha tempo de televisão, eu tive 15 milhões de votos e Serra teve 19. A nossa diferença foi pouco mais de 4%. Então, eu creio que com tempo de televisão, hoje o PMDB tem candidatos fortes, competitivos. No Rio Grande do Sul, o próprio Germano Rigotto que é o favorito nas pesquisas. No Paraná, Roberto Requião. Em Santa Catarina, Luís Henrique. Em São Paulo, Orestes Quércia. No Rio, Sérgio Cabral. No Espírito Santo, Paulo Hartung. Em Goiás, Maguito Vilela. Na Paraíba, José Maranhão. No Piauí, Mão Santa. Só para concluir Tereza, só um minutinho.",ANSWERS,answers,responds
100,Anthony Garotinho,20/03/2006,16,Denise Rothenburg / Tereza Cruvinel,"Agora, muitos do que o senhor falou aí já abandonaram outros candidatos do PMDB para apoiar Fernando Henrique Cardoso, para apoiar até mesmo Fernando Collor, em outras oportunidades eles não ficaram com candidatos do PMDB, o que lhe garante que agora eles vão ficar? Deixa eu complementar com a pergunta da Denise, esses cabos eleitorais, esses caciques do PMDB que o senhor acabou de citar que serão seus aliados realmente, são pessoas com muita influência regional, mas nós sabemos que essa situação de hoje que permitiu a realização da consulta que não foi prévia e que lhe deu a vitória, essa situação pode se alterar em breve quando o Supremo Tribunal Federal esclarecer definitivamente que haverá verticalização. E, nesse momento, boa parte desses caciques do PMDB que o senhor enumerou vão estar mais interessados na disputa do mando local, em ficar fora da eleição presidencial para ter liberdade de se coligar do que encarregar um candidato com todo o potencial que senhor tem, por mais promissor que o senhor seja como candidato. O senhor não receia isso, que ganhou agora, mas não levará na convenção?",18,"Tereza, Denise, veja, nós temos que ser práticos. Se a candidatura decolar, ninguém abandona, se a candidatura não decolar, é natural o espírito de sobrevivência dessas pessoas todas. Afinal de contas, são políticos que querem buscar o seu espaço político. Agora, eu creio que eu saí de um patamar, DataFolha 12%, Ibope 14%, eu acho que eu tenho os votos que eu tive na eleição passada para começar, em torno de 15 milhões de votos, se você for levar para voto válido, os dois vão dar em torno de 15, 16%, eu tive 18. Então, eu creio que ninguém vai abandonar um candidato que começa com 18%. Ninguém vai abandonar. Então, isso é fato na política, isso é experiência, e a vida que vai te mostrando. Você quer candidato mais representativo da história do PMDB, da imagem do PMDB, aquele que na hora de fazer saudação dizia: “saudação militante peemedebista” que Ulysses Guimarães? E, conforme foi dito pela própria Denise, a realidade, uma candidatura com dificuldades eleitorais naquele momento, foi abandonado .",ANSWERS,answers,responds
101,Anthony Garotinho,20/03/2006,19,Tereza Cruvinel,"Então o senhor tem até junho para crescer bastante, não é?",20,Nem tão bastante.,PARTIAL,,responds
102,Anthony Garotinho,20/03/2006,21,Tereza Cruvinel,O senhor precisa crescer a curto prazo?,22,"Nem tanto, nem tão rápido assim.",PARTIAL,,responds
103,Anthony Garotinho,20/03/2006,23,Tereza Cruvinel / Paulo Markun,Vai sair em junho? O senhor está altamente otimista?,25,"Eu tenho 12%, 14, 15, se crescer cinco pontos eu vou para 20%. O atual governador de São Paulo, pessoa que tenho grande respeito, carinho por ele, com toda visibilidade que teve nos últimos dias, grande visibilidade, até pela disputa que se travou dentro do PSDB, com José Serra , teve uma visibilidade enorme, ele tem 23%. Então, eu acho que a gente não deve viver com ansiedade, ansiedade é inimiga do político. Político tem que ter calma.",ANSWERS,,responds
104,Anthony Garotinho,20/03/2006,28,Alexandre Machado,"Governador, como o senhor recebeu a declaração do ex-presidente Sarney, que declarou que entre os motivos para que o PMDB não devesse apresentar candidatura é de que o PMDB não tinha nenhum candidato competitivo?",29,"Bom, opinião dele. Respeito a opinião, o ex-presidente Sarney é uma pessoa com quem eu tenho experiências, mas é uma figura respeitável, né?, República brasileira, então, respeito, mas é opinião dele. Não é a maioria do PMDB, a maioria do PMDB pensa diferente. Eu até sugeri, sabe, Alexandre, num determinado momento, que os governistas assumissem uma posição, isso foi publicado nos jornais. E qual era a posição? Eles não defendem apoio a Lula ir até a prévia, então deveria ter três opções na prévia. A primeira opção: Germano Rigotto. Segunda opção, Garotinho. Terceira opção, apoiar Lula. Por que não fizeram isso? Eles iam perceber que eles estão descolados do sentimento da base do partido.",ANSWERS,answers,responds
105,Anthony Garotinho,20/03/2006,32,Plínio Fraga,"Tema importante nesta campanha vai ser “caixa dois ”. O senhor viajou pelo Brasil inteiro agora na pré-campanha até com jato particular, conheceu diversos estados. Não seria o caso do senhor já começar essa campanha prestando conta quem pagou sua viagem, quem pagou seu jatinho, quanto o senhor gastou? E emendando essa pergunta: o senhor está disposto, durante a campanha eleitoral, a colocar seus gastos publicamente abertos na Internet para que o eleitor possa acompanhar com o senhor, para ver que não vai ter “caixa dois”, quem são seus financiadores de campanha, quem vai pagar sua campanha a presidente?",33,"Hoje respondendo uma pergunta dessa na coletiva que eu dei, eu apresentei o responsável pela minha pré-campanha.",PARTIAL,partial,partial
106,Anthony Garotinho,20/03/2006,34,Plínio Fraga,O senhor não sabe quanto gastou?,35,"Sei perfeitamente. O Muniz que é o secretário geral do PMDB do Rio de Janeiro, foi aberta uma conta, as pessoas, pelo estatuto do partido, fizeram a doação legal.",PARTIAL,partial,partial
107,Anthony Garotinho,20/03/2006,36,Plínio Fraga,Quanto o senhor gastou?,37,"Espera aí, um minutinho. Fizeram a doação legal, fizeram todos os pagamentos pela conta, não tem negócio de pagar depois, foi tudo pago em cheque, e ele está atendendo a um pedido repórter da Folha de S. Paulo, amanhã vai estar fornecendo os documentos necessários.",ANSWERS,evades,evades
108,Anthony Garotinho,20/03/2006,38,Plínio Fraga,Mas o senhor não sabe quanto gastou?,39,Não sei.,ANSWERS,,responds
109,Anthony Garotinho,20/03/2006,40,Plínio Fraga,"É questão do Lula, né? O senhor não fala a questão do Delúbio, não viu o PT enriquecer, o senhor não sabe?",41,"Não, não, é diferente. Tem um tesoureiro do partido na campanha, eu sei que não foi, de avião nós gastamos em torno de 400 mil reais. Agora eu lhe pergunto, vamos jogar aberto...",ANSWERS,partial,partial
110,Anthony Garotinho,20/03/2006,42,Ricardo Boechat,"São doações, governador?",43,"Tudo doação, legal, comprovada, com recibo.",PARTIAL,,responds
111,Anthony Garotinho,20/03/2006,44,Ricardo Boechat,"No âmbito do estado do Rio de Janeiro, 400 mil reais?",45,"Não, de avião.",ANSWERS,,responds
112,Anthony Garotinho,20/03/2006,46,Ricardo Boechat,"400 mil reais, só de avião?",47,Só de avião.,ANSWERS,,responds
113,Anthony Garotinho,20/03/2006,48,Denise Rothenburg,E esse dinheiro pagou também as passagens dos fiscais que foram enviados para os estados?,49,"Tudo, não, aí não está nesse valor, isso é outro valor, estou dizendo de avião, isso é outra coisa.",ANSWERS,partial,partial
114,Anthony Garotinho,20/03/2006,50,Denise Rothenburg / Plínio Fraga,"Por que o senhor mandou uma série de fiscais para todos os estados. E as passagens foram pagas... O showmício de ontem tinha cantores, dez ou quarenta mil pessoas, conforme avaliação, ônibus, tinha cantores, espetáculo, o senhor tudo...?",52,Todo evento de ontem foi custeado pelo PMDB do Rio de Janeiro.,PARTIAL,,responds
115,Anthony Garotinho,20/03/2006,53,Plínio Fraga,Quanto custou?,54,"Pergunte aos organizadores, Plínio.",PARTIAL,,evades
116,Anthony Garotinho,20/03/2006,55,Plínio Fraga,"Mas é a mesma questão do presidente, o senhor não acha?, quando o Lula fala, “não sabia quanto o Delúbio usava, quanto Delúbio gastava, onde ele arrecadava”, estou perguntando e fazendo uma proposta para o senhor, o senhor não quer colocar seus gastos de campanha aberto?",56,"Quero, vou colocar.",PARTIAL,answers,responds
117,Anthony Garotinho,20/03/2006,57,Plínio Fraga,Isso é um compromisso que senhor está assumindo aqui publicamente?,58,"Publicamente, não tenho nenhum receio de colocar.",ANSWERS,,responds
118,Anthony Garotinho,20/03/2006,59,Denise Rothenburg / Plínio Fraga,Mesmo que a lei não obrigue? A partir de quando e mesmo que a lei não obrigue?,61,Mesmo que a lei não obrigue.,ANSWERS,,responds
119,Anthony Garotinho,20/03/2006,62,Plínio Fraga,O senhor está se comprometendo a fazer isso?,63,Publicamente.,PARTIAL,answers,responds
120,Anthony Garotinho,20/03/2006,64,Plínio Fraga,A partir de quando?,65,"Acatando a sua sugestão, vou chegar agora no Rio de Janeiro e pedir que o Muniz coloque na Internet a relação de quanto foi arrecadado e tudo o que foi gasto. Agora você veja o seguinte, eu estou viajando, estou viajando o tempo inteiro, eu vou saber quanto foi gasto, posso dar um número aqui e você amanhã levantar quando publicado: “você disse que era 300 mil e foi 500 mil, você disse que foi 600 mil é 700 mil”. Eu me comprometo com você que semana... que semana que vem está na Internet, estou assumindo publicamente, pode cobrar de mim.",ANSWERS,,responds
121,Anthony Garotinho,20/03/2006,67,Célia Melhem,"Senhor governador, considerando que o PMDB chegou aparentemente bastante dividido a sua escolha, uma parte do partido com tendência governista, não interessado em lançar candidatura própria, e uma outra parte apoiou num outro candidato, esta outra parte também é expressiva. O senhor não teme que ocorra ao longo da campanha o mesmo que aconteceu com o doutor Ulysses, que foi o fundador do partido e que acabou cristianizado, abandonado pela máquina partidária, teve uma votação totalmente inexpressiva para presidente, o senhor não teme que lhe ocorra o mesmo? E se isso ocorrer, qual é o seu plano B com que o senhor conta para se eleger?",68,"Olha Célia, não tenho plano B, estou seguro de que nós vamos partir do patamar de votos da eleição passada, 15 milhões de votos, eu já disse, a candidatura vai crescer e eu não serei abandonado.",ANSWERS,answers,responds
122,Anthony Garotinho,20/03/2006,71,Paulo Markun / [Comentarista],"Tirando o presidente Lula que ainda não foi anunciado oficialmente, mas é o candidato do PT, Anthony Garotinho é o segundo nome definido nesta fase de pré-candidaturas, embora ainda dependa da confirmação do partido em junho. O primeiro pré-candidato formalizado foi o governador de São Paulo, Geraldo Alckmin, do PSDB, que, aliás, declarou isso pela primeira vez publicamente aqui no Roda Viva. Mas, no cenário da pré-campanha ainda existem outros políticos se colocando como candidatos a pré-candidatos. Heloísa Helena é candidata natural do PSOL à presidência, mas não descarta disputar o Senado novamente ou o governo alagoano. A senadora por Alagoas é formada em enfermagem, e é professora licenciada, sem rendimentos, do Centro de Saúde da universidade federal do estado. Se elegeu pelo PT, mas desde junho de 2004 é do recém fundado PSOL. Cristovam Buarque é outro petista que deixou o partido, mas pelo PDT. O senador nega a intenção de voltar a disputar o governo do Distrito Federal, mas não esconde o desejo de tentar o Palácio do Planalto. Engenheiro mecânico com doutorado em economia, Cristovam foi ministro de Educação do governo Lula. Também pelo PDT, o líder do partido no Senado, Jefferson Peres, também já demonstrou o desejo de entrar na briga pela presidência. Amazonense, é formado em direito. Peres entrou para a vida política tarde, foi eleito vereador pela primeira vez aos 56 anos, em 1988. O PPS pretende lançar o deputado federal por Pernambuco, Roberto Freire, para disputar a presidência. O líder do Partido Popular Socialista participou pela primeira vez em uma eleição em 1972, quando concorreu à prefeitura de Olinda, pelo antigo MDB. Advogado por formação, Freire se elegeu senador em 95 e deputado federal outras cinco vezes. César Maia, prefeito do Rio de Janeiro, é o candidato do PFL à presidência da República. Jorge Bornhausen, presidente do partido, confirma que se Maia quiser, será candidato, mas o PFL também pode fazer um acordo com o PSDB, agora de Geraldo Alckmin. César Maia foi deputado constituinte em 86 e se elegeu prefeito do Rio três vezes, sendo o político que mais vezes governou a cidade. Governador, fora o presidente Lula que obviamente tem um programa, claro, continuar o governo Lula, todos os outros pré-candidatos batem na mesma tecla, pelo menos é a impressão que a gente tem: desenvolvimento, redução da taxa de juros, aumento do emprego, enfim, mudança do paradigma do Brasil. O que distingue o senhor dos outros pré-candidatos que falam algo parecido?",74,"Olha, eu acho o seguinte. O PSDB, em que pese todo respeito, admiração que eu tenho pelo governador Alckmin, uma pessoa que merece de todas as pessoas um carinho muito grande, pela sua educação, pelo seu comportamento ético, mas PSDB já foi governo. Então, o que diferencia minha candidatura da candidatura do PSDB é que eu posso dizer que eu vou fazer um programa alternativo, porque eu não estive no governo.",ANSWERS,,responds
123,Anthony Garotinho,20/03/2006,80,Ricardo Boechat,"Os discursos de quem está fora do poder, disputando o poder, são muito parecidos, quer dizer, pedir a oportunidade de colocar em prática um programa que se assemelha muito no discurso, no geral, aos programas que todo mundo sugeriu quando estava fora do governo – redução de taxas, aumento do emprego, melhoraria de economia, enfim, redenção social etc. e tal – me parece um apelo meio repetitivo. Eu queria saber o seguinte: o senhor, objetivamente, na campanha, depois de um ano aí de clima de ventilador na política brasileira, o senhor pretende focar os seus ataques em qual adversário prioritariamente?",81,"Eu não vou fazer nenhum tipo de ataque, eu até tenho dito que eu vou ser um telespectador privilegiado dessa campanha. Eu me vejo no debate, de um lado candidato do PT, outro lado candidato do PSDB, e um vai dizer ao outro: “Olha, você comprou voto para reeleição”. E outro vai dizer: “Você comprou para o mensalão ”. E eu vou dizer: “Os dois têm razão”. Eu vou assistir.",ANSWERS,answers,responds
124,Anthony Garotinho,20/03/2006,82,Ricardo Boechat,O senhor é inatacável?,83,"Não, não sou inatacável, mas vou assistir a briga deles.",ANSWERS,,responds
125,Anthony Garotinho,20/03/2006,92,Tereza Cruvinel,A adoção dessa matéria exclui da aula de biologia o ensino do evolucionismo?,93,"Não, absolutamente, absolutamente. Como é que vai tirar estudo?",ANSWERS,,responds
126,Anthony Garotinho,20/03/2006,94,Plínio Fraga / Denise Rothenburg,"Mas o senhor acredita mais nisso do que em Darwin, isso que eu escrevi, só isso. Agora, governador, falando em acusações, governador...",96,"Plínio, uma coisa não tem nada a ver com outra.",ANSWERS,,evades
127,Anthony Garotinho,20/03/2006,98,Carlos Marchi,"Na escola se dá as duas versões, no Rio de Janeiro? Uma evolucionista e uma criacionista, o menino que escolhe?",99,"Não, aula de religião... Não vejo nenhum mal em ter aula de religião, qual o problema? Agora, se na aula de religião...",ANSWERS,,partial
128,Anthony Garotinho,20/03/2006,100,Carlos Marchi / Tereza Cruvinel,"Mas quando a aula de religião nega a ciência, o que está cientificamente ... é um pouco complicado. Se aula se ensina outra coisa, quer dizer, em quem ele vai acreditar? Menino fica embananado.",103,"Quero dizer o seguinte, cada um deve ter a liberdade para ouvir todas as teorias. Ouçam todos.",EVADES,evades,evades
129,Anthony Garotinho,20/03/2006,110,Denise Rothenburg,"Mas então o senhor foi à Justiça por quê, se não tinha nada de mais?",111,"Eu fui por quê? Porque elas haviam sido feitas de forma ilegal. Eu não posso permitir, como agora a gente está vendo, a Caixa Econômica pegar e divulgar um sigilo bancário de um caseiro, se eu como cidadão, aquela época governador do estado, não me rebelar contra uma gravação feita de forma clandestina, ora, nós vivemos num país que tem leis.",ANSWERS,,responds
130,Anthony Garotinho,20/03/2006,112,Ricardo Boechat,"O senhor acha que esse tipo de instrumento não vai acontecer na campanha não, governador?",113,Espero que não. Não vou usar nada disso contra ninguém.,ANSWERS,answers,responds
131,Anthony Garotinho,20/03/2006,116,Ricardo Boechat / Tereza Cruvinel,"O senhor acha honestamente, governador, que vai fazer campanha para presidente da República sentado entre dois adversários com índices maiores que o seus, ficar dizendo aqui A, e aqui B, e passar por isso como se fosse um... O senhor está achando que vai poder fazer o papel de “o bonzinho”, que não xinga ninguém numa campanha que vai ser uma carnificina, porque essa campanha...",118,"Não vou atacar ninguém, isso é uma opção minha...",ANSWERS,answers,responds
132,Anthony Garotinho,20/03/2006,119,Ricardo Boechat / Tereza Cruvinel,"O senhor é um político combativo, sempre foi, brigou, xingou, é normal? O senhor acha que vai ser possível isso numa campanha que está se prometendo o que promete?",121,"Tereza, o povo está cansado de baixaria em campanha, ninguém agüenta mais isso.",PARTIAL,,partial
133,Anthony Garotinho,20/03/2006,122,Tereza Cruvinel,"O senhor é que vai ser “o paz e amor”, então. O senhor quer ser o “Garotinho paz e amor”?",123,"Eu vou apresentar os meus projetos para o país. Acho o que povo está interessado em saber o seguinte: tem jeito de aumentar meu poder de compra? Tem jeito de ter uma escola melhor, tem jeito de sobrar mais dinheiro no meu bolso? Agora, porque fulano fez isso, porque fulano fez aquilo, pelo amor de Deus!",PARTIAL,partial,partial
134,Anthony Garotinho,20/03/2006,124,Paulo Markun,"Proposta de projeto, governador. Pergunta de Cardoso, do Rio de Janeiro, ele só dá o sobrenome, ele pergunta o seguinte: o senhor acha certo a polícia invadir o morro e trocar tiros com os traficantes pondo em perigo a vida de muitas pessoas? Acho que ele se refere obviamente a essa ação que envolveu a polícia e o exército.",125,"Quero dizer o seguinte: nós precisamos ter parâmetros para todas as coisas. E então, veja: 99,9% da população que mora nessas comunidades, é uma população honesta, vítima, infelizmente de um processo de urbanização que se deu de forma errada em todo o país. E no Rio de Janeiro é mais visível, porque o Rio de Janeiro é aquela cidade maravilhosa que tem a montanha, tem o morro e tem o mar. Você, por exemplo, tem os mesmos problemas na periferia de Brasília, mas está lá longe na cidade satélite. No Rio de Janeiro tem a Rocinha e São Conrado, lado a lado; você tem Ladeira dos Tabajaras e Copacabana. Agora, isso aconteceu ao longo de 30, 40, 50 anos, como querer que o governador ou governadora resolva isso em três, quatro, cinco anos?",EVADES,evades,evades
135,Anthony Garotinho,20/03/2006,126,Paulo Markun,"Mas o senhor não está se propondo o resolver os problemas do Brasil em três, quatro, cinco anos? Aliás, em quatro, né?",127,É diferente...,PARTIAL,,partial
136,Anthony Garotinho,20/03/2006,133,Paulo Markun / Tereza Cruvinel,"E a ação do Exército, por exemplo? O senhor acha incorreto? Preciso falar, rapidinho aqui. Governador, por favor... Só um pouquinho, Tereza.",136,"Não acho correto. Agora, eu te pergunto: os bandidos se escondem no morro, escondem, a polícia faz o quê, sobe ou não sobe? Acho que tem que subir.",ANSWERS,,responds
137,Anthony Garotinho,20/03/2006,141,Plínio Fraga / Tereza Cruvinel,"E o senhor como presidente vai colocar o exército na rua? Governador, eu estou querendo fazer uma pergunta sobre o exército, por favor...",143,Não vamos fazer demagogia não.,ANSWERS,,evades
138,Anthony Garotinho,20/03/2006,149,Tereza Cruvinel,"Por que a governadora Rosinha recusou todas as propostas, todas as tentativas do governo federal de ações conjuntas contra o narcotráfico...",150,"Não, não é verdade...",ANSWERS,,responds
139,Anthony Garotinho,20/03/2006,172,Tereza Cruvinel,Qual é sua plataforma de presidente para a questão de segurança?,173,"Deixa eu terminar. Porque em 80% dos crimes que são desvendados de roubos a empresas e a condomínios, quando você faz a checagem, você chega à conclusão que foi passado por um ex-vigilante, ou ele faz parte daquele grupo que descobriu e passou a mecânica de funcionamento do condomínio ou da empresa. Então, quem controla isso é a Polícia Federal, vou te dar o número do Rio: para controlar 100 mil vigilantes privados do Rio, a Polícia Federal tem sete homens. A construção de presídios federais, enfim, um conjunto de medidas, nenhuma delas foi adotada. Quando o Lula ganhou, eu tinha apoiado o Lula no segundo turno, eu peguei o mesmo projeto e entreguei. Olha, Tereza, eu não quero aqui discutir um assunto que merece tanta atenção, de uma forma, sabe, levando para o campo emocional, para fazer aqui uma demagogia. Eu conheço boa parte das polícias do mundo, era minha obrigação conhecer, estudar, ver como funciona, o que podia ser aprimorado, ver o que poderia ser aperfeiçoado. Então, estou falando com conhecimento de causa, não sou um irresponsável, apenas porque eu acho que devia botar o exército, não vamos resolver assim. Não vamos resolver assim. O exército só foi para rua agora, e aí, lamentável ter que dizer isso, porque roubaram as armas deles. Eles não foram por nenhuma causa da sociedade, isso é triste.",ANSWERS,partial,partial
140,Anthony Garotinho,20/03/2006,175,[vídeo comentado] / Paulo Markun,"O PMDB é grande e os números comprovam, mas o tamanho do partido também provoca polêmicas internas. Atualmente com 9 governadores, 22 senadores, 82 deputados federais, e no comando de 1057 prefeituras, o PMDB disputa com o próprio PMDB se vai concorrer à presidência ou se não terá candidato próprio na eleição de outubro. Durante o regime militar, ainda como MDB o partido se tornou refúgio de políticos que se recusavam a aceitar o golpe de 64 e ganhou o status de única oposição no país. Com o fim do bipartidarismo muitas lideranças de prestígios permaneceram no PMDB, mas com divergências. Agora com a escolha de Anthony Garotinho na consulta informal deste domingo, o dividido PMDB se prepara para o que pode ser a sua terceira disputa eleitoral à presidência com candidato próprio. O partido tentou chegar ao poder em 1989 com Ulysses Guimarães, na eleição seguinte com Orestes Quércia. Nas duas vezes em que disputou a presidência o PMDB não foi bem nas urnas, o partido não conseguiu transformar em votos para chapa majoritária o apoio das bases. Em 89, Ulysses recebeu pouco mais de 3 milhões de votos e ficou em 7º lugar, longe dos primeiros Collor e Lula, que foram para o segundo turno, e atrás de Leonel Brizola, Mário Covas, Paulo Maluf e Guilherme Afif Domingos. Com Orestes Quércia o partido foi ainda pior, quatro anos depois o candidato do PMDB recebeu menos votos que Ulysses Guimarães e terminou atrás de Fernando Henrique Cardoso, Lula e Enéas Carneiro. Agora, com Garotinho, o PMDB luta para vencer as resistências dentro do partido e batalha para chegar ao poder pela primeira vez. Governador, o senhor acha que os ministros do PMDB devem entregar o cargo ou sair do partido?",177,"Olha, Paulo, por mim eles não tinham nem assumido, essa era minha posição, eu defendi isso dentro do partido. Agora, eles foram à revelia da direção partidária, que é uma coisa que me chama muito atenção, e me entristece do governo Lula, é a forma pouco republicana com que o governo age. Por exemplo, se ele queria uma aliança com PMDB, quem ele deveria procurar? Presidente do partido. Para isso é que existem a direções partidárias. Não, ele fez o processo de cooptação de algumas lideranças do partido, tentando esvaziar o partido. Então, não creio que os ministros vão sair. Estou expressando aqui a minha opinião.",ANSWERS,,responds
141,Anthony Garotinho,20/03/2006,178,Paulo Markun,"Mas eles não deveriam sair do partido, o partido não deveria decidir expulsá-los?",179,"Eu acho, mas como o partido está dividido, eu creio que isso é muito difícil. E mais, eu ainda insistindo um pouco nessa forma pouco republicana do PT, eu não posso deixar de registrar aqui a minha indignação com dois episódios: um relativo a esse caso do caseiro, que é grave. Como é que foi parar numa revista o sigilo fiscal de um homem tão humilde, sigilo bancário de um homem tão humilde? Como que foi isso? Isso é um negócio complicado. E daqui a pouco, a Caixa Econômica Federal não é mais a Caixa Econômica do povo brasileiro, é a Caixa do PT.",ANSWERS,partial,partial
142,Anthony Garotinho,20/03/2006,180,Carlos Marchi,O senhor tem conta na Caixa Econômica e no Banco do Brasil?,181,"Não. Então, veja, o caso da Polícia Federal. Paulo, veja bem...",ANSWERS,,responds
143,Anthony Garotinho,20/03/2006,182,Paulo Markun,"O senhor mencionou que eram dois episódios, o segundo era Polícia Federal?",183,"Polícia Federal. Veja bem, qualquer cidadão neste país que disser assim: “Bom, há suspeita de caixa 2 contra ele”, como houve aqui no caso da Daslu, o que fez a Polícia Federal? Foi na Daslu, prendeu, examinou, então, bom. Há um cidadão neste país, que diante das câmeras de televisão do Brasil inteiro, ele disse: “Eu fiz caixa 2 mesmo, e todo mundo faz. Eu fiz assim, assim, assim”. Quem é este homem? Delúbio Soares. O que aconteceu com Delúbio Soares? Ele está preso? Não. Delúbio Soares está desfrutando da nova modalidade de lei que existe no Brasil, a lei para os amigos do presidente.",ANSWERS,,responds
144,Anthony Garotinho,20/03/2006,186,Paulo Markun,"O senhor foi fundador de PT até, né?",187,"É, mas naquela época eu era PDT, votei nele a pedido do Brizola. Votei nele... No único estado que ele venceu na eleição em 98, no Rio de Janeiro, e no segundo turno, votei nele contra o Serra, então não foi nenhum tipo de...",ANSWERS,,responds
145,Anthony Garotinho,20/03/2006,188,Denise Rothenburg,No segundo turno agora em 2006 o senhor vai votar em quem se o senhor estiver fora?,189,"Em ninguém, porque eu vou para o segundo turno.",PARTIAL,answers,responds
146,Anthony Garotinho,20/03/2006,190,Denise Rothenburg,"Mas se o senhor estiver fora, nessa hipótese?",191,"Denise, quero dizer para você o seguinte: eu estou tratando aqui de um assunto tão grave, tão sério, que é a decepção com a transformação do aparelho do Estado no aparelho do PT. Eu quero dizer para você, com toda sinceridade, olha, eu tenho a maior divergência...",EVADES,evades,evades
147,Anthony Garotinho,20/03/2006,192,Denise Rothenburg,Se o senhor não ganhar?,193,"Deixa eu lhe dizer, eu tenho a maior divergência do ponto de vista da doutrina econômica com o PSDB. Total. Mas eu quero lhe dizer, eu fui governador junto com Fernando Henrique, há uma diferença muito grande entre o comportamento do Fernando Henrique e do Lula. Fernando Henrique jamais foi ao Rio de Janeiro sem me ligar e dizer, “governador, estou chegando a tal hora na base do Galeão”, lá eu estava para esperá-lo. O Fernando Henrique jamais...",PARTIAL,partial,partial
148,Anthony Garotinho,20/03/2006,194,Denise Rothenburg,E o presidente Lula não liga para governadora para dizer que...?,195,"Não liga para ninguém, não deve ser só para governadora. Eu que apoiei o Lula no segundo turno da eleição, sabe qual foi o resultado no Rio? Seis milhões de votos para o Lula e um para o Serra. Sabe quantas vezes eu estive com o presidente Lula durante o governo dele? Uma vez durante o velório de Leonel Brizola no Palácio do Guanabara.",ANSWERS,answers,responds
149,Anthony Garotinho,20/03/2006,198,[?] / Alexandre Machado,"Vamos falar de programa de campanha, governador? Vamos falar um pouquinho de programa de campanha? Queria fazer uma pergunta sobre o eventual apoio do presidente Lula ao senador Marcelo Crivela que é dado como uma coisa bastante possível. Eu gostaria de saber se o senhor acredita nessa possibilidade, e se acredita que haja dentro do âmbito das igrejas evangélicas uma divisão e que haverá essa...?",200,"Olha, eu não sei, eu não tenho essa ligação com a Igreja Universal, ela faz uma oposição sistemática a mim, eu sou presbiteriano, não sou membro da Igreja Universal, portanto eu não sei. Dizem que vai apoiar, não tenho nenhuma informação a respeito disso, também não quero me meter nos acordos do PT. Eu acho engraçado o PT... Eu ouvi outro dia um comentário que a reunião do PT deliberou tirar uma nota que a escolha do PMDB foi antidemocrática. E botaram isso no papel, eles interferiram na escolha do outro, eles estão interferindo dentro do PMDB, o PMDB não tem candidato, estão usando os ministros para boicotar, usando tudo o que é possível para impedir a candidatura, eles se metem na vida dos outros.",ANSWERS,,responds
150,Anthony Garotinho,20/03/2006,201,Ricardo Boechat,"Mas os outros estão metidos no governo . O senhor tem uma parte do seu partido dentro do governo. Aliás, de todos os governos. Eu fico me perguntando se o PMDB, o que foi mais interessante para PMDB como partido: se foi pegar duas fatias de cada pizza a cada governo que se renovava ou ele disputar 100% da pizza sem comer nada.",202,"Boechat, essas pessoas foram para o governo à revelia. Agora, a decisão partidária decidiu que não deviam ir, como é que você pode impedir que um sujeito vá para o governo?, não tem como impedir.",ANSWERS,partial,partial
151,Anthony Garotinho,20/03/2006,203,Denise Rothenburg,"Que caso concreto o senhor podia relacionar de interferência na prévia, um caso concreto?",204,Sarney era PMDB .,PARTIAL,,partial
152,Anthony Garotinho,20/03/2006,212,Plínio Fraga,"Deixa eu terminar. O senhor dizia que além das taxações do sistema financeiro, o senhor dizia que, agora me esqueci, tem outra coisa que não me lembro... Obrigado, Tereza. Mas no programa do Lessa, renegociar a dívida interna. No programa alternativo do Lessa não tem nem uma coisa e nem outra, o senhor já recuou nesses dois pontos?",213,"Você mesmo disse, programa do Lessa.",PARTIAL,answers,partial
153,Anthony Garotinho,20/03/2006,214,Plínio Fraga,"Que o senhor encomendou e o senhor vai encampar, né?",215,"Eu encomendei não, o PMDB encomendou. Quem encomendou o programa Lessa foi a direção nacional do PMDB. Eu quero dizer para você que eu concordo com muita coisa que está ali, eu concordo praticamente com todas as questões colocadas ali, agora, o candidato...",ANSWERS,,responds
154,Anthony Garotinho,20/03/2006,216,Plínio Fraga,"Mas o senhor vai dar um calote na dívida, o senhor vai taxar o sistema financeiro? São duas perguntas.",217,Quem falou em calote de dívida?,ANSWERS,,evades
155,Anthony Garotinho,20/03/2006,220,Plínio Fraga,"Se a loja não aceitar eu tenho que pagar. E se a loja não aceitar, o senhor vai dar o calote?",221,"Não, claro que não. Mas ninguém falou em calote. Eu não sei da onde você entende que a palavra, eu vou abrir o dicionário Plínio para ver se a palavra renegociar é sinônimo de calote, eu acho que não é, a minha impressão é que não é.",ANSWERS,,responds
156,Anthony Garotinho,20/03/2006,222,Tereza Cruvinel,"O senhor disse que não ia participar da carnificina eleitoral, e se nós deixássemos o senhor ia ficar aqui um bom tempo falando dos delitos do PT. Falou do Delúbio, falou do Silvio Pereira, o senhor falou da impunidade, mas não vamos fugir do assunto não. É importante ter idéias para discutir na campanha, né?, porque a gente prevê que ela vá ficar só na troca de acusações, e o eleitorado diz: “Bom, o que os senhores estão me propondo mesmo?” Vamos retomar a discussão da política econômica, retomando a pergunta do Fraga. O senhor tem essa sua posição em relação à dívida é uma coisa muito nebulosa. Então, que tipo de renegociação, é? A la Argentina, por exemplo? O senhor espera fazer alguma coisa como fez o presidente Kirchner?",223,Não.,ANSWERS,,responds
157,Anthony Garotinho,20/03/2006,224,Tereza Cruvinel,"Como que é, o que o senhor pretende? É importante isso para o Brasil, para nossos credores, para o mercado, é importante saber.",225,"Eu vou explicar. O Brasil tem hoje uma taxa de juros extremamente alta, e essa taxa de juros extremamente alta faz com que a dívida brasileira cresça numa velocidade que nós não temos condições de pagar. Então, nós estamos caminhando para quê? Nós estamos caminhando para uma situação insustentável. Hoje, de tudo o que o governo arrecada, 40% vai para pagar juros da dívida, 40%. Depois, diz assim: “tem que cortar despesa do Estado.” 40% de todas as despesas do Estado é pagamento de juros. Então, veja, na medida em que você diminuiu a taxa de juros, e aumenta a taxa de crescimento do país, você vai para um ponto de equilíbrio. Eu não estou falando em renegociação forçada, isso vai ocorrer naturalmente. Nós estamos combinando aqui três coisas, veja: reduz juros, diminui a carga tributária, e aumenta crédito. Na medida em que você diminuiu juros, aumenta carga tributária, diminui a carga tributária e aumenta crédito, o país cresce, o país gera, como eu falei, mais emprego, o país gera mais salário.",ANSWERS,,responds
158,Anthony Garotinho,20/03/2006,226,Denise Rothenburg,Para fazer tudo isso quem o senhor vai chamar para ser ministro da Economia quando o senhor for eleito?,227,"Um dia de cada vez. Vamos ter um pouco de paciência. Então, veja, eu às vezes, fico pensando, mas você diz: “Mas Garotinho”, o jornalista, “isso não é possível”. Então você me dê um argumento que não é possível. “Não é possível, se baixar os juros vai subir a inflação”. Está bom, vou fazer uma pergunta: quanto é a taxa de juros no Chile? “Chile é diferente”. Então quanto tem a taxa de juros na Alemanha? “Alemanha é diferente”. Então, quanto é a taxa de juros na zona do euro toda? “Zona do euro é diferente”. Quanto é taxa de juros dos Estados Unidos? “É diferente”. Então, a história de que não pode fazer me lembra o seguinte: aquela parada de 7 de setembro, e está todo mundo marchando na mesma direção, tem um sujeito contrário, só ele que está certo, então dá impressão do seguinte, todo mundo está errado, o ministro da Alemanha, o ministro do Chile, o ministro da Argentina, o ministro da Dinamarca, da Suécia, da Espanha, de Portugal. Só o Palocci é que está certo?",ANSWERS,,evades
159,Anthony Garotinho,20/03/2006,230,Tereza Cruvinel,"As condições do Brasil é que são diferentes, né, governador?",231,"Diferente do mundo todo. Olha, vamos parar com essa hipocrisia. Claro que dá para descer a taxa de juros, agora não vai descer a taxa de juros com Henrique Meirelles no Banco Central , não vai. O Henrique Meirelles representa um setor que tem uma visão acadêmica errada, isso é um erro intelectual. Eu não digo que essas pessoas estão fazendo isso por desonestidade, não creio, mas é uma visão equivocada do processo. Agora, eu pergunto, há outro caminho? Claro que há, porque todo mundo está fazendo outro caminho, a Índia está fazendo, a China está fazendo.",ANSWERS,answers,responds
160,Anthony Garotinho,20/03/2006,236,Paulo Markun,"Pergunta de Fabrício, de Salvador, na Bahia, e engreno junto a pergunta de Paulo Tony, de São Paulo. O Fabrício quer saber se o senhor acha que o governo Lula teve avanços em relação ao governo FHC. E o Paulo quer saber qual é será sua estratégia para derrotar o Lula?",237,"Olha, eu acho que política econômica dos dois é igual. Não há dúvida que o Lula fez um pouco mais de investimento na área social, mas a pauta de planejamento do governo do Lula é uma coisa impressionante. Há poucos dias eu li uma notícia que o presidente foi inaugurar uma “operação tapa buraco”. Eu confesso que eu já tinha visto presidente inaugurar tudo, mas dizer que um presidente da República pega um avião e vai inaugurar uma “operação tapa buraco”! Francamente. O Lula agora começou a inaugurar o futuro, ele vai lá, bota uma placa: “Aqui será construída a futura universidade não sei da onde”. Aquilo pega, é projetado no Jornal Nacional e vai para o Brasil inteiro. Mas não inaugurou nada, inaugurou a placa, inaugurou a intenção. É uma modalidade nova, inaugurar intenção.",ANSWERS,,responds
161,Anthony Garotinho,20/03/2006,240,Paulo Markun,"...em relação a, do senhor não, da sua esposa, em relação às tais 10 mil obras?",241,"Ah, existe sim. Inclusive O Globo hoje publicou duas obras que não teriam sido feitas pelo nosso governo, que são obras da prefeitura, o que eu posso fazer? O jornal errou.",ANSWERS,,responds
162,Anthony Garotinho,20/03/2006,242,Paulo Markun,Mas está sendo investigado isso?,243,Não está sendo nada investigado.,ANSWERS,answers,responds
163,Anthony Garotinho,20/03/2006,244,Paulo Markun,Não?,245,Nada investigado.,PARTIAL,,responds
164,Anthony Garotinho,20/03/2006,246,Paulo Markun,Ministério Público não está indo verificar?,247,"Ministério Público disse que por causa da matéria vai levantar se as 10 obras existiram ou não. Perfeitamente, nós estamos todos de acordo. O que não pode - vai ler nos jornais amanhã, nota oficial do governo - é colocar uma nota, uma foto de uma obra da prefeitura de Mesquita atribuída ao estado. Aí não dá. Não dá. Questiona o seguinte, olha, esta obra aqui não foi feita, está ótimo. Não são 10 mil, são 9 mil, 999. Vem cá, dessas 9 mil 999 tem o metrô da Siqueira Campos, tem a obra do emissário de Ipanema, feita no meu governo, quer dizer, obras englobam um período de gestão.",ANSWERS,partial,partial
165,Anthony Garotinho,20/03/2006,248,Paulo Markun,"Se eu não estou enganado, e posso estar, obviamente, a gente sempre pode se enganar, o Ministério Público não questiona também justamente o estilo da propaganda, que não seria de esclarecer ou de conscientizar a sociedade, mas sim de ser pura propaganda eleitoral?",249,"Eleitoral? Você anunciar e divulgar a obra? Então, eu aqui no intervalo vi uma obra do metrô, aqui de São Paulo, aquilo é uma obra eleitoral?",PARTIAL,,evades
166,Anthony Garotinho,20/03/2006,254,Carlos Marchi,"Governador, o senhor pode não ser populista, agora estou preocupado com uma definição que eu queria que o senhor desse para gente, na linha daquela que o Plínio e a Tereza lhe cobraram antes. Quando o senhor falou do seu programa econômico que está sendo feito pelo Carlos Lessa da Costa...",255,César Benjamim.,PARTIAL,partial,partial
167,Anthony Garotinho,20/03/2006,256,Carlos Marchi,"Isso, César Benjamin. O senhor me deixou uma pequena dúvida, então eu queria que o senhor esclarecesse para gente, para o eleitor brasileiro naturalmente, qual o tamanho da sua estima pela Lei de Responsabilidade Fiscal ?",257,"Olha, Lei de Responsabilidade Fiscal, ela é importante para o país, foi um grande avanço.",PARTIAL,,responds
168,Anthony Garotinho,20/03/2006,258,Carlos Marchi,"O senhor, como presidente, a respeitaria em todos os sentidos?",259,"Perfeitamente, mas você tem que adequar algumas questões à Lei de Responsabilidade Fiscal. Não é adequar a lei não, algumas questões. Por exemplo, 13% da receita líquida real para pagamento de encargos da dívida, está colocada sobre a cabeça dos governadores e prefeitos, não agüentam. Então, eles vão descumprir a lei, porque chega num momento que o governador e o prefeito têm que ver o seguinte: ou eu cumpro a lei e aí tenho que cortar merenda escolar, eu tenho que cortar o dinheiro do hospital...",ANSWERS,,responds
169,Anthony Garotinho,20/03/2006,262,Carlos Marchi,"O que o senhor propõe então, que se mude o percentual?",263,"Não, eu proponho que deste percentual de 13% da receita líquida real comprometido para pagamento da dívida sejam excluídas aquelas despesas vinculadas do estado. Por quê? Se você incide sobre a receita global da forma como é hoje, incide sobre a educação, sobre a saúde, que já tem percentuais definidos constitucionalmente... no Rio de Janeiro, por exemplo, você tem que gastar 25% com a educação.",ANSWERS,answers,responds
170,Anthony Garotinho,20/03/2006,266,Tereza Cruvinel,"E o limite de gasto com pessoal, o senhor respeitaria ou proporia mudar também?",267,"Rio está dentro de lei, acho que Brasil tem que andar dentro de lei.",PARTIAL,,partial
171,Anthony Garotinho,20/03/2006,272,Denise Rothenburg,Que erro o senhor cometeu na campanha que o senhor não vai repetir na de 2002?,273,"Eu acho que na campanha passada, até por inexperiência, né?, eu já fiz muitas campanhas, duas vezes prefeito, disputei duas eleições de governador, ganhei uma, perdi a outra, já fui deputado, fiz duas campanhas de prefeito, vitoriosas, mas uma campanha presidencial não tinha feito. Então, uma campanha presidencial, ela requer alianças muito mais amplas, e eu fui um candidato solitário na eleição passada, solitário, era praticamente um homem sozinho. Essa é a primeira, não dá para ser um homem sozinho numa campanha presidencial, tem que ter uma retaguarda, tem que ter uma equipe grande, eu não tinha equipe. Isso foi um erro que eu cometi. Outro erro que eu cometi é que eu achei que com aquele tempo de televisão eu tinha condição de enfrentar todas as adversidades, uma campanha sem recurso como foi minha outra campanha. Eu não tive, cheguei perto. Segundo, eu creio que o tempo amadurece as pessoas, né?, o tempo ensina as pessoas, eu na campanha passada tinha uma posição muito agressiva, isso não é bom para o candidato.",ANSWERS,answers,responds
172,Anthony Garotinho,20/03/2006,274,Ricardo Boechat / Tereza Cruvinel,"Governador, estou encantado com esse seu discurso apaixonado pelos adversários, o senhor está quase me convencendo a votar neles, porque realmente o senhor não vai atacar ninguém, mas tudo bem. Vai ser uma mudança significativa no seu estilo, porque eu acompanho a política do estado do Rio de Janeiro há muito tempo, e sempre o vi muito, muito..., não é? Mudou o homem. Virou “paz e amor”, é o “Garotinho paz e amor”.",276,Queria fazer uma ressalva nisso que você está falando.,PARTIAL,,partial
173,Anthony Garotinho,20/03/2006,281,Tereza Cruvinel,O senhor acha que é verdadeira aquela lista de cinqüenta e dois peemedebistas que também receberam o “mensalão”?,282,"Você viu a lista, Tereza?",PARTIAL,,evades
174,Anthony Garotinho,20/03/2006,287,Paulo Markun,"Governador, nosso tempo acabou, tenho uma última pergunta que eu queria que o senhor respondesse rapidamente, porque realmente o tempo se esgotou. Não deve ser fácil ser candidato nesta eleição depois de tanta desilusão dos brasileiros. Qual que o senhor acha que tem que ser o instrumento para convencer o eleitorado?",288,"Falar a verdade, olhar nos olhos das pessoas, não procurar enganar e nem prometer aquilo que não pode fazer, porque a grande desesperança, a grande desilusão dos eleitores com Lula é porque o Lula prometeu aquilo que não podia fazer.",ANSWERS,,responds
175,Ciro Gomes,14/02/2005,2,[Comentarista] / Paulo Markun,"Sempre se diz, na história pessoal de Ciro Gomes, que tudo começou muito cedo na vida dele. Paulista de Pindamonhangaba, cresceu e fez carreira política no Ceará, onde formou-se em direito e elegeu-se deputado estadual aos 25 anos, prefeito de Fortaleza aos 29 e governador do estado aos 31. Com 35 anos, foi ministro da Fazenda de Itamar Franco e depois disputou duas vezes a presidência da República pelo PPS, em 1998 e em 2002, quando ficou em quarto lugar no primeiro turno. Apoiou Lula no segundo e foi convidado pelo presidente eleito a assumir o Ministério da Integração Nacional. Desligado da vice-presidência do PPS desde o último dia 31 de janeiro, quando o partido decidiu afastar integrantes que permanecem no governo Lula, Ciro Gomes anda em silêncio quanto ao seu futuro partidário, prefere mais falar dos projetos de sua pasta, com especial atenção agora ao rio São Francisco. O projeto, já aprovado pelo Conselho Nacional de Recursos Hídricos, foi mostrado e discutido numa série de reportagens especiais no Jornal da Cultura, no mês passado. O Velho Chico, como é carinhosamente chamado por mineiros e nordestinos, nasce na Serra da Canastra, em Minas Gerais. Em quase três mil quilômetros, atravessa cinco estados: Minas, Bahia, Pernambuco, depois Sergipe e Alagoas, até desaguar no mar. Forma a terceira maior bacia hidrográfica do país com 168 afluentes. Apesar de poluído, com menos peixes e com margens desmatadas e irregularmente ocupadas nas regiões urbanas que atravessa, o rio é uma espécie de garantia de vida para 15 milhões de pessoas que vivem perto dele e um sonho para 8 milhões de nordestinos que vivem longe, nas terras secas do semi-árido. A idéia do governo é captar 1% da água do rio diariamente e mais 2,5%, sempre que a barragem de Sobradinho estiver cheia. A água será bombeada em dois eixos, interligando bacias da região carente. O eixo leste vai ligar a barragem de Itaparica, no rio São Francisco, com os rios Paraíba, na Parnaíba, e Ipojuca, em Pernambuco. O eixo norte levará água do Velho Chico de Pernambuco até as bacias de rio Jaguaribe, no Ceará, Piranhas-Açú, na Paraíba, e Apodi, no Rio Grande do Norte. A transposição, que terá que enfrentar vales e montanhas, também tem pela frente barreiras críticas. Há quem diga que o rio não tem água para isso, e ambientalistas já decidiram recorrer à Justiça contra o projeto. O governo fez estudos e garante que a água é suficiente. O comitê da bacia do São Francisco quer que a transposição tenha apenas uso humano e animal e não uso econômico, como quer o projeto. Políticos de Sergipe, Alagoas, Minas, como o governador baiano Paulo Souto, que discutiu o projeto aqui no Roda Viva, no mês passado, preferem dar prioridades a antigos projetos de irrigação, paralisados por falta de investimentos. Para entrevistar o ministro Ciro Gomes nós convidamos: Eduardo Nunomura, editor assistente do jornal O Estado de S. Paulo; Maria Cristina Fernandes, editora de política do jornal Valor Econômico; João Suassuna, engenheiro agrônomo e técnico em recursos hídricos; Apolo Heringer Lisboa, coordenador do projeto Manuelzão de recuperação do rio das Velhas e São Francisco e presidente do comitê da bacia hidrográfica do rio das Velhas; Fernando Rodrigues, colunista e repórter do jornal Folha de S. Paulo e Bernardino Furtado, repórter especial do jornal O Estado de Minas. Acompanham a entrevista aqui em nossa platéia os seguintes convidados: Raquel Bidherman, pesquisadora do Centro de Estudos em Sustentabilidade da Fundação Getúlio Vargas de São Paulo; Frederico Elias, estudante de direito da PUC de São Paulo; Temístocles Marcelus Neto, secretário executivo do Fórum Brasileiro de ONGs e Movimentos Sociais para o Meio Ambiente e coordenador da Comissão de Meio Ambiente da CUT ; Rui Mamoura Cureda, da Comissão Nacional do Meio Ambiente da CUT, Beluianês Bueno Monteiro, coordenador do programa de voluntariado da fundação SOS Mata Atlântica; Aldo Rebouças, geólogo, professor da USP e pesquisador na área de hidrologia; Cibili Müller, empresária e diretora da Água Brasilis do Meio Ambiente LTDA; José Saíde de Brito, diretor da Excelência Energética Consultoria e Fernando Furriela, advogado ambientalista. Boa noite, ministro.",4,Boa noite.,PARTIAL,answers,responds
176,Ciro Gomes,14/02/2005,5,Paulo Markun,"Para começar, queremos saber do senhor se realmente o prazo de abril será cumprido, se as obras da transposição começam?",6,"Há um planejamento que não vai comprometer a necessidade de fazer as coisas direito. Direito sob o ponto de vista técnico, direito sob o ponto de vista legal, direito sob o ponto de vista político, direito sob o ponto de vista do respeito que nós estamos tendo, procurando ter, com todos que se levantam com críticas, com incompressões, até que isso esteja realmente maduro. Nós temos esse processo já se desenvolvendo de uma forma muito rica e fecunda há dois anos. No cronograma resta agora, exclusivamente, o licenciamento por parte do Ibama , que é autônomo para, eventualmente, determinar correções, mudanças ou até o cancelamento do projeto, tem autonomia para isso e, de nossa parte, o que resta é apenas a licitação para as obras em si mesmas. É possível que nós possamos ainda cumprir o cronograma originalmente planejado.",ANSWERS,,partial
177,Ciro Gomes,14/02/2005,7,Paulo Markun,"E o fato de algumas das audiências públicas não terem se realizado em função de protestos, como é que fica?",8,"Na verdade, é o seguinte: a audiência pública tem a finalidade, profundamente democrática, como um avanço da legislação brasileira, exclusivamente de apresentar o que é, de fato, o projeto, porque tem muitas versões, muito terrorismo, muita desinformação, então a audiência pública o que é? O governo vai lá formalmente e diz: “O que eu estou tratando é isso” e, obrigatoriamente, recolhe qualquer crítica que se queira fazer. Quem tiver uma crítica tem que aproveitar esse instante para formalizar essa crítica que é capaz, inclusive, de derrubar o projeto, se tiver mérito. Nós fizemos, apesar da legislação não obrigar, nós achamos por bem, isso é protagonismo do Ministério do Meio Ambiente, convocar audiências públicas em toda região de influência do projeto. Conseguimos fazer algumas, outras tantas tentaram impedir com liminares judiciais que os Tribunais Superiores prontamente rechaçaram, porque completamente descabidas, quer dizer, impediam a população de saber do que se trata e dar a sua sugestão concreta. É uma coisa esquisita, né? Quem fez isso não está vendo que está inferindo numa lei que é importante pra nós, no aperfeiçoamento da democracia, que ela amadureça e não amanhã ela seja revogada porque alguém, mais pragmaticamente, acha que isso é uma impertinência. Em alguns lugares, isso infelizmente não foi possível, aí se tentou impedir fisicamente. Pequenos grupos, mas grupos ruidosos, barulhentos, às vezes ameaçando com intimidação física. De qualquer forma, para fins legais, a audiência foi aberta, registrou-se em ata essa agressão e concluímos o processo, mas o processo de audiência pública está encerrado. Agora, trata-se de licenciá-lo ou não, na autonomia do Ibama.",ANSWERS,,partial
178,Ciro Gomes,14/02/2005,9,Paulo Markun,"O senhor não acha que o fato de ter gente, vamos dizer assim, gente qualificada dos dois lados da questão... porque é curioso porque os dois lados, de alguma forma, são tão apaixonados que quem não está nesse jogo fica na dúvida, diz: “Poxa, há argumentos de um lado e do outro e pessoas qualificadas, governadores, técnicos dos dois lados”.",10,"Nós achamos que não devemos desqualificar quem critica, ao contrário. Quem está acompanhando o processo dará testemunho de que o nosso processo foi oposto. Há dois anos atrás, já há dois anos, quando o presidente Lula me encarregou de sistematizar esse projeto, eu avisei ao presidente que havia uma memória muito ruim, muitos erros, erros de concepção, erros de encaminhamentos, inexplicáveis lacunas técnicas, números que eram chutados completamente, eu expliquei pra ele: “Não é possível pegar daqui”. Então, nós refizemos todo o processo, todo o processo. O próprio vice-presidente da República, José Alencar, eu acompanhei, visitou cada um dos estados, recolhemos todas as críticas que havia, redesenhamos o projeto, incorporamos ao projeto aquelas críticas todas que tinham méritos, empoderamos o comitê de bacias, que estava formalmente instituído, mas não tinha realidade, nós empoderamos o comitê de bacias, passamos a negociar diretamente e claramente com o comitê de bacias. O primeiro pleito do comitê de bacias fez com que nós suspendêssemos todas as providências por seis meses, período no qual eles exigiam como premissa da avançada discussão, que nós desenhássemos o plano de bacias. Nós fizemos o plano de bacias com a participação dos membros do comitê de bacias, foi muito bom que tivéssemos feito isso, porque o plano de bacias esclareceu todos os números. Eu quero ter a oportunidade de esclarecer isso, nós temos hoje segurança, tranqüilidade. O pedido de outorga foi retirado, refizemos o pedido de outorga, condicionamos a outorga em dois pedaços, isso é uma mudança importante. Introduzimos um conceito de sinergia hídrica, introduzimos uma matriz de gestão, para utilizar a água que hoje se desperdiça, introduzimos um projeto de revitalização que não existia, era um consenso oco, todo mundo falava a favor da revitalização e não havia um projeto, não havia orçamento, não havia uma iniciativa concreta no governo federal para se fazer essa grave questão da revitalização sair do palavrório, da promessa ou do consenso oco. Tudo isso foi feito e, uma vez concluído esse processo, nós avançamos, levamos isso ao conselho nacional de recursos hídricos, tivemos uma reunião impedida por uma liminar na hora da reunião, que é outra instância onde todo mundo pode ir, que se o projeto tiver algum defeito é hora de poder dizer: “Tem esse defeito” e, evidentemente alguém de boa fé, como o presidente Lula, está de boa fé ou eu estou de boa fé, nós não vamos fazer coisa alguma errada. Se algum brasileiro do povo ou se alguma pessoa mais qualificada disser: “Esse projeto não pode ser feito por esse argumento aqui” . Se nós não tivermos uma resposta, esse projeto tem que ser cancelado, mas nós estamos seguros que não há razão mais para isso, de que boa parte do protagonismo hoje ainda se sustenta em dois fatores ou três: Um, a memória do passado. Então, a gente boa de Sergipe, por exemplo, nós temos pesquisa de opinião, é o único lugar onde a opinião pública popular é contra, majoritariamente. Quando a gente vai entender porque, a população pensa, parte dela expressiva, de que vai se desviar o rio. Ora, isso, nós temos que explicar para a população que vai tirar é um litro em cada 100 que chega na boca do mar. É um litro em cada 100, isso é o que está, na prática, dimensionado como invasão segura e do remanescente, dois litros e meio a cada 100, só se o Sobradinho estiver vertendo. Quando o rio passa a ter uma pujante cheia, como aconteceu em janeiro do ano passado, Propriá teve uma cheia violenta porque o rio passou com 11 mil metros cúbicos por segundo e aí, se tivesse essa água na boca do mar, não tem nada que a gente não possa levar e guardar onde que falta água, que é grave, é isso que nós temos que discutir.",ANSWERS,partial,partial
179,Ciro Gomes,14/02/2005,15,Bernardinho Furtado,"Eu digo que ele disse que a oposição do Banco Mundial era porque o coordenador do estudo era baiano. O senhor citou duas coisas específicas, a questão da energia hídrica. Eu estou aqui com um resumo, do governo passado, do Ministério da Integração Nacional, por sinal a equipe não mudou muito né, ministro? O João Urbano, que é o gerente do projeto hoje, era gerente no governo Fernando Henrique . Um dos pontos básicos aqui é justamente essa sinergia hídrica que o senhor disse que esse projeto atual incorporou, o que não é verdade; segundo, que não havia revitalização. Eu tenho aqui, e está aqui nesse resumo, está também em uma declaração aqui do então secretário de recursos hídricos do Ministério da Integração, em que ele disse o seguinte: “Em março do ano passado concluímos o estudo chamado plano de revitalização do São Francisco, distribuímos para todos os estados e garantimos verba no orçamento. Pela primeira vez surgiu uma rubrica no orçamento da União chamada revitalização do São Francisco. Essa revitalização é tão ou mais importante do que a transposição, deve ser realizada paralelamente e, se possível, um projeto deve ser atrelado ao outro”. O que eu pergunto, ministro, é o seguinte: o que mudou nesse projeto que ele se tornou bom e não era bom no governo passado que levou o governo Fernando Henrique Cardoso a desistir desse projeto, o que mudou nesse projeto para que a sociedade brasileira acredite que é um projeto bom?",16,"Bom, corrigindo alguns encaminhamentos de boa fé que você colocou, que são frutos dessa paixão com que as pessoas que abordam esse problema... e eu sou ministro da Integração Nacional, quer dizer, eu não posso, nessa questão, que é bem qualificadamente prática, deixar de exercitar uma grave função que é buscar a unidade do país, a unidade das regiões mais pobres. Essa questão, por exemplo, acontece dividindo a região agudamente mais pobre do país que é o nordeste brasileiro. O que havia no governo passado era um projeto, contratado na Funcate , que não estava concluído tecnicamente, esse é o primeiro ponto. Na concepção que já estava desenhada havia ali um pleito de uma outorga incondicional de 63 metros cúbicos por segundo, independentemente de como estivesse o rio. O plano de bacias não existia, então a grande questão é: sim, há uma necessidade do Nordeste, do semi-árido do nordeste setentrional que nós temos dimensionado. Isso agora, porque não havia também. Se dizia, também empiricamente, que faltava água porque todo mundo via que faltava. Campina Grande colapsou, o açude Boqueirão teve que ser cercado pela polícia no começo de 2003 porque faltou água. Fortaleza, quando eu era governador, acabou a água, não é que ficou racionada, é que acabou a água de dois milhões e 300 mil habitantes. Por isso, talvez, a gente tem uma visão um pouco mais apressada de dizer: “Caramba, não está vendo que falta água?”. Mas isso tem que ter um número para discutir serenamente. As Nações Unidas diz que a vida passa a se tornar insustentável quando se desce de um nível de 1500 metros cúbicos por habitante/ano. Quando nós olhamos com critérios de vazão, de rios etc etc, no Nordeste, esse miolo, tanto de influência do eixo leste como quanto do eixo norte, está ali rente aos 1500 , portanto, crítico já hoje. Só que para o Nordeste brasileiro, dada a seqüência de secas continuadas, a vazão segura é aquela que está retida nas barragens. Aí você já desce para 500 metros cúbicos por habitante/ano, portanto, nós estamos em um terço crítico, a necessidade hoje está dimensionada. A segunda grande questão é: o rio agüenta? Vamos ser honestos, o rio está sendo agredido há 500 anos, quer dizer, nós, do governo Lula, é que vamos dar conteúdo concreto a esse consenso oco. Então, nós afirmamos... o que tinha de errado no governo passado? É que não se discutia a revitalização em termos práticos, era um consenso oco. Era um projeto desse tamaninho , com previsão quase nula de orçamento, estimados em dois anos. Isso está em documentos oficiais. Nós, agora, incluímos no PPA e é um projeto que tem 4 bilhões e meio de reais, incluímos no plano de bacias e dimensionamos cada uma das rubricas. Por exemplo, 86% disso é saneamento básico, saneamento ambiental lato sensu, e nós já contratamos 621 milhões de reais. Então, é uma diferença substantiva nesse aspecto, porque agora nós temos os números protegidos de quem está precisando dramaticamente e pede. Quem está na bacia tem medo de ficar sem a água. Ou está vendo o rio desmantelado e tem medo que uma agressão a mais se pratique contra o rio sem resposta pelas questões, e isso impedia a discussão de prosperar. Agora, nós temos plano de bacias, nós fizemos esse plano de bacias junto com o comitê de bacias. Nós empoderamos o comitê de bacias que não era empoderado no governo passado, não existia na prática, nós adiamos tudo para fazer o plano de bacias em seis meses, paramos tudo. Achei razoável isso, não é fácil, não, fizemos o plano de bacias e hoje nós sabemos que o rio tem uma vazão média de 2850 metros cúbicos. Tudo que tem de uso consultivo, ou seja, tudo que se consome de água do rio São Francisco, em 500 anos de história, não excede 500 metros cúbicos. O rio ainda tem uma disponibilidade, pelo plano de bacias, de 360 metros cúbicos para uso consultivo, pode usar para qualquer tipo de uso, cá ou lá, dentro ou fora da bacia, tem 360 metros cúbicos. Se nós projetarmos tudo no maior cenário, quer dizer, o Brasil cresce a 7 mil hectares por ano de irrigação há 20 anos, nós extrapolamos, simulamos o Brasil crescendo a 10 mil hectares de irrigação por ano e, ao invés de ser no Brasil esses 10 mil hectares, concentramos tudo na bacia. Pois bem, em 2025 o rio estaria consumindo 262 metros cúbicos por segundo, portanto, 98 metros cúbicos ainda estariam sobrando. Então, o que mudou é que nós pedimos uma outorga de volta, ao invés de pedir 63 metros cúbicos por segundo, nós pedimos uma outorga que dividiu, porque tinha uma outra polêmica. “É justo, é justo tirar água da bacia quando há potenciais de irrigação, há meia légua da bacia, para irrigar não sei onde?” Eu achava justo esse argumento e continuo achando justo, o que nós fizemos? Separa. O que é uso humano? São 26 metros cúbicos por segundo, é isso? É isso. Então, isso é outorga segura. Isso porque qualquer cristão vai entender, qualquer pessoa de boa-fé vai entender , qualquer pessoa, que não tenha a doença do egoísmo patológico, vai entender que o primeiro uso da água é o abastecimento das pessoas . Só concluindo, então o que nós fizemos? 26 metros cúbicos é a única outorga agora incondicional, o resto... isso é uma mudança grave, gravíssima, conceitual, o resto só será tirado do rio se Sobradinho estiver vertendo. Caramba, se o Sobradinho estiver vertendo passa um mar de água para o mar.",ANSWERS,answers,responds
180,Ciro Gomes,14/02/2005,25,Bernardino Furtado,O senhor vai ver lá a sinergia do projeto com todos esses detalhes.,26,"Não, não, essa sinergia hídrica é um conceito novo.",ANSWERS,answers,responds
181,Ciro Gomes,14/02/2005,35,Bernardino Furtado,Não acha que se resolve isso com decreto?,36,"Não, só se pode desapropriar com decreto, desculpe, mas isso é da Constituição brasileira",ANSWERS,,responds
182,Ciro Gomes,14/02/2005,37,Paulo Markun / Maria Cristina Fernandes,"Ministro, Manoel do Bonfim Dias Ribeiro, engenheiro civil, ex-diretor do e da Codevasf pergunta: “Como é que o senhor explica que quatro projetos de irrigação, Jaíba, em Minas; Baixio, na Bahia; Salitre, na Bahia e Pontal, em Pernambuco, todos à beira do São Francisco representando...”, segundo o Manoel, “...mais de 200 mil hectares irrigados, estejam totalmente paralisados, sem recursos e sem dotação orçamentária e seus equipamentos se deteriorem ao tempo, por que tanto desprezo pelo Velho Chico?”, pergunta Manoel do Bonfim de Azevedo. Na mesma direção é a pergunta de Ademir Piroze, aqui da Liberdade, em São Paulo, professor, que pergunta o que será que vai ser feito com os antigos programas de irrigação destinados a acabar com seca no Nordeste. Projetos onde foi investindo dinheiro em grande quantidade e que, em sua maioria, estão paralisados? Sobre irrigação, eu só queria pensar, só para não voltar ao assunto, ministro. A irrigação existe no Nordeste há muitos anos, há décadas, como o senhor sabe, e uma das metas do projeto de transposição é a expansão da fronteira agrícola e também com irrigação. Eu queria saber o que vai mudar nesse projeto, nessa expansão da fronteira agrícola, no uso da irrigação que não foi capaz, nos projetos anteriores, de mudar a situação social, de mudar a situação fundiária e de mudar, substancialmente, a qualidade de vida do morador do sertão?",39,"A sua pergunta me permite encaminhar a resposta . Nós não estamos tratando, no projeto de integração de bacias, de irrigação. O projeto de integração de bacias é um projeto que tem, por objetivo estratégico, garantir segurança hídrica para 12 milhões de habitantes para o Nordeste setentrional, do Nordeste semi-árido, que hoje tem um terço do mínimo crítico para sustentabilidade da vida e constituindo-se grande pulso migratório que todo o Brasil conhece. Esse projeto é de segurança hídrica para 12 milhões de brasileiros. Lateralmente, e apenas lateralmente, ele pode permitir que se expanda a irrigação. Isso nos traz à resposta antecedente. Essa denúncia, nós fazemos. Nós, quando assumimos o Ministério da Integração Nacional, encontramos o Dnocs completamente desmantelado, a Codevasf completamente desmantelada e um conjunto de quase 300 mil hectares infra-estruturados para irrigação a um custo de bilhões de reais para a sociedade brasileira, produzindo mal e porcamente na maioria dos hectares. Tem bons exemplos, o projeto Nilo Coelho , por exemplo, em Pernambuco, tem uma boa resposta, mas você tem muitos projetos. Hoje, nós temos uma ficha de cada um desses projetos, mas eles não estão mais paralisados, nós já retomamos e concluímos a primeira etapa do projeto Tabuleiro do Torano, em Piauí; São Bernardo, Tabuleiro de Russas, no Ceará; Baixo Acaraú, também no Ceará, avançamos no Jaíba. Nós vamos colocar em operação, aproximadamente, mais 13 mil hectares no Jaíba, isso é um projeto prioritário lá em Minas Gerais que nós estamos fazendo. Esses 3 grandes projetos que estão inconclusos, eles estão em obra ainda, porque se fazia isso, iniciava um projeto e não concluía, como o Tabuleiro de Russas, faz 12 anos. O Baixo Acaraú faz 15 anos que se arrasta, e imediatamente se começava outro. No governo Lula, por ordem expressa do presidente, está proibido começar um projeto de irrigação, ou qualquer outro projeto, sem concluir aquilo que tem que ser concluído. E esses 3 grandes projetos: Baixio de Irecê, Salitre, na Bahia, e Pontal, em Pernambuco, nós temos um projeto, já orçado, de como retomar. Eles não estão paralisados, mas estão, de fato lento, porque não havia ainda uma equação definitiva para todos esses projetos, mas hoje há. Nós vamos aplicar 140 milhões de reais nesses projetos este ano.",ANSWERS,,responds
183,Ciro Gomes,14/02/2005,40,Fernando Elias,"Esses orçamentos para esses projetos, esses aí que o senhor citou, esses 3, não seria o caso, já que eles estão encaminhados, já enfim, existe um projeto pronto, já foram aprovados, são aceitos pelas sociedades locais, investir prioritariamente neles ou pelo menos concomitantemente neles com o mesmo vigor que se faz com esse da transposição? E eu queria colocar um pouco de política nesse negócio todo. Possivelmente, esse projeto - a outra pergunta já junto para o senhor responder as duas - esse projeto são 700 quilômetros de canais, vão ser isso? 700 quilômetros de canais. Talvez seja a obra física mais visível do governo Lula, se ela vier a ser executada, é o caso de inferir ou não que o governo precisa de uma obra física para apresentar como uma marca do governo dele em uma região importante como o Nordeste. É por isso que existe essa insistência nesse projeto?",41,"Isso diminui gravemente a percepção, porque se houvesse uma motivação tão subalterna, há dezenas, para não falar em centenas, de possibilidades de grandes obras físicas que poderiam responder esse argumento sem essa delicada, porém respeitável, polêmica. Aliás, eu quero dizer aqui com muita tranqüilidade, porque eu já estudei, pude ver esse fenômeno no mundo, está por detrás de todo os experimentos de transposição que aconteceram no planeta em todas as épocas da história. Aqui está até muito séria, muito moderada e muito equilibrada. No Colorado, chegou-se a tanque nas ruas e eu espero que jamais isso seja necessário no Brasil, mas também lá a proporção de transposição era gigantesca. O rio Tajo, que é o mesmo Tejo quando passa da fronteira da Espanha para Portugal, tem uma transposição, na Espanha, de 60% da vazão. Teve tensões muito graves, enfim, e produz benefícios extraordinários. Então, é normal, não estamos discutindo, então reduzir isso num governo... O país está por fazer obras, o Brasil precisa fazer obras.",ANSWERS,partial,partial
184,Ciro Gomes,14/02/2005,44,Fernando Rodrigues,Quantas pessoas seriam beneficiadas com segurança hídrica?,45,"12 milhões, 12 milhões.",PARTIAL,,responds
185,Ciro Gomes,14/02/2005,46,Fernando Rodrigues,E esses projetos todos que estão paralisados ou semi paralisados se todos fossem retomados?,47,"Se você deixasse eu encaminhar a resposta, eu já tinha chegado a isso. São projetos importantes, mas são projetos que beneficiam uma minoria de empresários, do que nada eu tenho contra. Só um pouco de clareza.",PARTIAL,,responds
186,Ciro Gomes,14/02/2005,48,Fernando Rodrigues,A população local não vai ser beneficiada?,49,"Desculpa. Claro que vai, quando você vê o que acontece em Petrolina, em Juazeiro, naquela região, em todos os lugares onde há projeto de irrigação com êxito médio, nem precisa ser um êxito retumbante, a qualidade de vida e o desenvolvimento humano, tudo melhora. Nós vamos continuar perseguindo isso, eu não estou antagônico a isso. A Bahia vai ver, o governador Paulo Souto, que é um homem muito sério, eu tenho por ele uma imensa estima, o máximo respeito, eu elenco o governador Paulo Souto como um dos melhores governadores do país, conheço a prática dele, compreendo o seu argumento contra, mas é um argumento que defasou na proporção em que o projeto, apesar do Bernardino não aceitar, mudou. Se antes não havia resposta e a sociedade imaginava, por média, que o rio não agüentava... por que a sociedade tem essa percepção? Porque o rio foi agredido e a maior agressão está no baixo São Francisco em função da cascata de barragens da Chesf , isso é verdade. Por favor, não me ponha do outro lado, porque eu estou deste lado.",ANSWERS,answers,responds
187,Ciro Gomes,14/02/2005,50,Bernardino Furtado,"Ministro, quem garante que esses projetos de irrigação no Ceará e no Rio Grande do Norte vão atender aos pobres como forma de...",51,"Não mistura as coisas, não mistura as coisas, os projetos de irrigação, eles têm clareza.",ANSWERS,,partial
188,Ciro Gomes,14/02/2005,54,Fernando Rodrigues,"Jaíba, que é? Vale do Jequitinhonha?",55,"Jaíba é Minas Gerais. Tem 13 mil hectares infra-estruturados, canais principais, 20 bombas no ar, 10 bombas gigantescas contratadas sem produzir, mas nós encontramos isso, por favor, não é o governo Lula que produziu essa aberração, nós estamos tentando corrigir essa aberração.",ANSWERS,,responds
189,Ciro Gomes,14/02/2005,58,Eduardo Nonomura,Como o senhor vê a posição do comitê de bacias que já se pronunciou contra essa transposição em termos de irrigação?,59,"Não, não, eles fizeram a fala a favor.",ANSWERS,answers,responds
190,Ciro Gomes,14/02/2005,62,Eduardo Nonomura,"Como o senhor responde à questão, desculpe professor, de que em 40% do tempo Sobradinho verte, ou seja, 60% do tempo ele não vai verter e o projeto não vai funcionar 60% tempo na sua magnitude...",63,"Então, agora você passa a entender concretamente, esse não é um projeto de irrigação, é um projeto de segurança hídrica. Não importa se vai funcionar em 10, 20, 30, 100 ou 50%, porque o que nós queremos é que em 100% do tempo as necessidades para o abastecimento humano e dessedentação animal estejam garantidas. Se sobrar água, o que acontece em 40% do tempo, leva o excedente e guarda nos açudes do Castanhão, do Armando Ribeiro Gonçalves, no Boqueirão e aí se otimiza a água, mas evidentemente isso demonstra claramente o que eu estou querendo dizer.",ANSWERS,,responds
191,Ciro Gomes,14/02/2005,66,João Suassuna,"Tenho levantado as questões e as limitações hídricas do São Francisco. Numa hora, ministro, em que não se falava em racionamento de energia, eu já escrevia sobre os apagões e eles aconteceram. Tenho falado dos riscos hidrológicos, principalmente os conflitos que existem entre gerar energia e irrigar, que são conflitos enormes já na bacia. Antes de tudo isso, ministro, eu tenho me posicionado contrário ao projeto da integração da bacia do São Francisco com as bacias do Nordeste setentrional, que é o nome que ele tem agora. Por que eu tenho me posicionado contrário? Porque eu julgo que o rio não dispõe mais dos volumes que vão ser demandados pelo projeto. Em agosto do ano passado a SBPC, Sociedade Brasileira Para o Progresso da Ciência, promoveu uma reunião em Recife onde reuniu 40 dos principais expoentes da hidrologia nacional. Esse pessoal passou três dias, em Recife, discutindo transferências de águas em grandes bacias com enfoque especial no projeto do governo. O que é que chamou a atenção nesse encontro? A gente... eu participei desse encontro e foi feita uma avaliação criteriosa dos volumes do São Francisco. Os técnicos entenderam que o São Francisco tem uma vazão alocável, hoje , de 360 metros cúbicos por segundo dos quais, pasmem, 335 já estão outorgados, ou seja, já há direito de uso. Significa dizer que o São Francisco só dispõe hoje, para uso consultivo, de 25 metros cúbicos por segundo, para um projeto que vai requerer uma vazão média de 65 metros cúbicos por segundo, podendo chegar, lá na frente, a 127 metros cúbicos por segundo. Então, qual foi a alternativa de quem está dirigindo o projeto? Começar a transposição com os 25, 26 metros cúbicos por segundo e a conta de chegada para os 65 metros cúbicos por segundo, retirar água da represa do Sobradinho, quando Sobradinho estiver com 94% de seu volume preenchido. Nós fomos atrás desse histórico volumétrico de Sobradinho. Sobradinho, em 10 anos, ele está cheio apenas em 4, então é 40% do tempo, né? Então veja, ministro, a pergunta que eu faço para o senhor... outra coisa, a gente tem que desmistificar essa idéia que vão retirar pouca água do rio São Francisco, não vão. Estão falando em 1% da vazão média, mas esse cálculo, ministro, tem que ser feito em cima da vazão alocável, que é a vazão que vai se retirar água para o uso consultivo. Se a gente fizer esse cálculo, isso está no relatório da SBPC, ministro...",67,Eu li o relatório.,PARTIAL,answers,partial
192,Ciro Gomes,14/02/2005,76,João Suassuna,"Muito bem. Então veja, ministro, o senhor não acha que o orçamento do projeto é demasiadamente elevado? São 4,5 bilhões de reais, em uma primeira fase, para ser aplicado em um projeto que só vai operar, em sua plenitude, em apenas 40% dos casos, ministro, o senhor não acha isso uma coisa...",77,"Não, não, não. Há uma brutal incompreensão aqui. Primeiro, a reunião em Recife e o relatório, eu acompanhei. Volto a lhe dizer: o presidente Lula está de boa-fé, isso é importante a gente lembrar, quem está tomando essa iniciativa é o presidente Lula. O presidente Lula tem uma história, que permite a alguma pessoa que tem um pouco mais de dificuldade de entender as nossas divergências técnicas, vazão média etc, de só pelo menos por ilações dizer: “Será que o presidente Lula está louco de fazer um projeto maluco, inviável etc etc?” Por favor, isso não razoável, nós estamos dedicados com muita responsabilidade, nós estamos estudando isso há dois anos, nós estamos ouvindo, o que não desqualifica crítica nenhuma, nós estamos pedindo a crítica, porque é essa crítica que vai nos permitir fazer um melhor projeto. Então, não é desqualificação nenhuma, eu tenho um pouco história também, já, e prezo essa história, sou uma pessoa polêmica, andei aí discutindo o Brasil, mas ninguém nunca duvidou da minha seriedade, nem os mais violentos dos meus adversários jamais ponderaram isso. Eu ainda tenho 47 anos, planejo lutar aí pela causa pública brasileira por mais alguns anos, cabe aí pergunta se eu ainda sou candidato à Presidência da República, Fernando Rodrigues se coçou todo, mas só lembrei que fui candidato. Não sou maluco, por favor, isso não vale, vamos discutir o mérito. Aquela reunião da SBPC, eu fui procurar o professor Candotti , que era o presidente da SBPC, e ele me distinguiu com a visita, porque tinha outras pessoas com ele, e eu pedi a ele para discutir o projeto em cima de uma leitura equivocada, respeitável, porque o estudo mais equilibrado que eu vi entre os críticos foi esse que se produziu em Recife. Só para consertar, não foi a SBPC nacional, foi esse grupo aí em Recife que fez isso. E havia algumas leituras que foram reproduzidas aqui, João. Veja bem, quando a gente pondera que nós estamos pensando em transpor, para garantir segurança hídrica ao abastecimento humano, que é por qualquer juízo, mas por ordem constitucional, prevalente, prioridade para o uso da água, todo mundo entende. A água vai ser usada para irrigação, vai ser usada para a fábrica, vai ser usada para isso, aquilo, aquilo outro, para irrigação ou uso humano. Se faltar água, a Constituição brasileira, com muita sabedoria, garante que qualquer outra coisa será sacrificada para que o abastecimento humano se prevaleça. Então, nós separamos, para se garantir o abastecimento humano gasta-se o que for necessário, caramba, vamos ter clareza nisso. Nesse caso, nem é grande coisa não, essa água não será entregue gratuita, nós temos o custo de operação e manutenção, sai por 0,11 centavos o metro cúbico. São Paulo paga mais de um real por metro cúbico de água tratada, só para a gente ter uma proporção. Então, nós estamos seguros disso. Agora, 26 metros cúbicos é para garantir que nós não vamos fazer uma rivalidade, que não seria justa, de tirar a água que faltaria para a bacia irrigar, irrigando mais longe, não é razoável isso. Eu considero essa uma crítica razoável, então , só um minutinho, se não me deixarem responder, nós não vamos ter um argumento honesto e sério, como o Suassuna colocou, e ficaria sem resposta . Por que é 1%? Porque medida a vazão do rio por peritos, não foram do governo, foi do plano de bacia, nós chamamos os maiores experts do país, queremos fazer isso direito, a vazão de média de chegada na foz do rio é de 2850 metros cúbicos por segundo. Se nós vamos tirar 26 metros cúbicos seguro, para a população de Sergipe entender que o rio não vai desviado, porque tem muita gente que pensa isso, pela desonestidade de certos críticos, pensa isso, nem todo mundo é honesto como você. As pessoas dizem para o povo mais simples: “Olha, vão desviar o rio”, e a população fica indignada. Então, é o seguinte, para ter tranqüilidade: daqueles 2850 metros cúbicos médios que passam na foz, nós vamos tirar 1%. Não há como contestar esse argumento, aí você diz: “Mas a vazão alocada é de 360”. Ah, bom, quando nós falamos em 360, nós estamos ponderando, pelo comitê de bacias, pelo estudo, pelo plano de bacias que nós fizemos, de boa fé, está dito lá que o rio até hoje tem, de uso consultivo, até hoje, 91. Aí você tem toda razão, mas já tem outorga de 330. Ora, caramba, sabe quem é o beneficiário dessas outorgas? Veja a maluquice do nosso país quando se trata de política e de governo: o Ministério da Integração Nacional, o empreendedor do projeto da integração. Veja bem, por quê? Porque Salitre pede, Salitre mais Pontal, mais Baixio de Irecê pedem 130 metros cúbicos por segundo e essa outorga está dada. O projeto está lá, nós estávamos falando, há pouco, de inconcluso etc e tal, mas nós temos outorga. Tem um projeto Tourão, lá em Alagoas, que tem 200 pessoas, é pequena, mas é basicamente um grande empreendimento privado, que tem uma outorga de dois e está sacando 20, porque nós estamos fazendo também o controle e o cadastramento dos usuários. Não tinha, era completamente abandonado, anárquico, e vocês sabem, vocês denunciam isso. Ninguém vai me pôr do outro lado, nós vamos agora parar de falar que o rio está agredido, que o rio está sofrido, que o rio etc etc. Nós vamos fazer alguma coisa séria para fazer. Já tem 621 milhões de reais contratos de saneamento básico e 100 milhões reais, este ano, 27 foi o que eu consegui juntar o ano passado e as pessoas dizendo: “Só está produzindo 120 mil mudas"". Mas só dá para fazer uma coisa, mas são as primeiras 200 mil mudas para repor mata ciliar. Hoje ainda estão desmatando mata ciliar em Minas Gerais para fazer carvão, para guza, para siderurgia, nas barbas do meu amigo Zé Carlos, que é o secretário do Meio Ambiente de Minas Gerais e que é uma pessoa honesta e de boa fé, que é o presidente do comitê de bacias. É o secretário, não é o Ministério da Integração que pode ir lá e punir quem ainda está destruindo o restinho de mata que tem. Então, veja bem, essas outorgas malucas vão ser todas revistas, já estão sendo.",ANSWERS,,responds
193,Ciro Gomes,14/02/2005,78,João Suassuna,"O senhor acha que isso vai ser possível, ministro?",79,"Não, já é possível, porque o outorgatário sou eu, como representante do Ministério da Integração Nacional, eu não preciso dessa água, entenda bem, não é necessário, foram feitos sem plano de bacias, sem estudo, sem nada.",ANSWERS,answers,responds
194,Ciro Gomes,14/02/2005,88,Paulo Markun,"Pergunta de Marcos Antônio Tavares Coelho, que é jornalista editor da revista do Instituto dos Estudos Superiores da USP. A economista Tânia Bacelar, professora da Universidade Federal de Pernambuco, e até recentemente integrante da sua equipe no Ministério, disse que, diante do projeto de transposição, o mais importante é saber quem será beneficiado. Por isso, antes de fazer essa transposição seria necessário revitalizar o São Francisco e realizar a reforma agrária, caso contrário esse projeto favoreceria a concentração de renda no nordeste. Marco Antônio Tavares Coelho pergunta qual é a opinião do senhor sobre esse pronunciamento da professora Tânia?",89,"Eu não dou mais opinião, tenho que prestar conta do que eu estou fazendo. Do programa de revitalização, que era um consenso oco, não tinha substância, hoje está se montando, tem orçamento, tem contratações já feitas, 621 milhões de reais em saneamento básico, 100 milhões de reais, em números redondos, para este ano, para outras atividades de reposição de mata ciliares, assoreamento, unidades de conservações, enfim, todo esse apoio aos pescadores do baixo São Francisco sofreram dramaticamente as conseqüências da cascata de barragens. Antes que essa discussão aflorasse a público, como é orientação do presidente Lula e meu compromisso, nós, ainda quando a geodésica dos canais ainda não estava publicizada, nós decretamos a utilidade pública, para fins de desapropriação, toda faixa que vai desse dois e meio quilômetros para o lado e mais dois e meio quilômetros para o outro. Agora estamos avançando a titulação dos pequenos produtores nas áreas dos rios secos que serão perenizados. Mil quilômetros de rios secos serão perenizados com esse projeto e estamos mapeando o solo para dar prioridade para os solos mais pertinentes a agricultura familiar. No projeto, estão imaginados 400 pontos de acesso de água para assentamento. E populações ribeirinhas aos eixos de influências gratuito, para que o ônus da água seja pago exclusivamente pela população urbana, especialmente pelos grandes centros, pelas indústrias e pelos usos empresariais para uma eventual agricultura. Isto está feito já, foi publicado e está no Diário Oficial.",ANSWERS,,partial
195,Ciro Gomes,14/02/2005,90,Apolo Heringer Lisboa,"Já estava preocupado aqui, porque o senhor fala 90% do tempo, não é? E realmente é um direito que o senhor tem, o senhor está sendo entrevistado, mas eu não sou oposição ao governo Lula, eu ajudei a construir o governo Lula, quando o senhor nem apoiava o PT . O senhor nunca apoiou o Lula, então assim, quando o Lula chegou ao governo, o senhor agora é o companheiro Ciro Gomes e nós, que construímos toda essa trajetória, mal temos a oportunidade de conversar. O Ministério do Meio Ambiente não dialoga com a gente. Eu tenho aqui um livro , organizado pela ministra Marina Silva com a posição de pessoas do alto escalão do governo onde eles são contra a transposição. Todos mudaram de opinião por uma disciplina partidária. Eu acredito que a democracia não se constrói dessa forma, desqualificando as pessoas e dizendo: “Vamos fazer na marra a transposição, quem não quer a transposição é porque quer ver o povo morrendo de sede”. Eu acredito, como diz o Zé Teodomiro de Araújo , falecido, ajudou a criar o comitê do São Francisco, é um homem muito franco, muito rude, às vezes eu até me chocava com ele, mas o respeito muito. Faço aqui uma homenagem a ele, ele dizia que dizer que vai levar água para os pobres é a chantagem emocional. Na verdade, é um projeto concentracionista de água, a água vai para os açudes e para rios, ela não vai ser distribuída. A população que sofre com a seca, ela mora dispersa, em toda uma região longa, e ela é atingida pela chuva. Por que os açudes que no Nordeste tem 37 bilhões de metros cúbicos de água não resolvem o problema dos pobres no Nordeste? Eles prometeram que os açudes, como o Orós, resolveriam o problema da seca, o flagelo, seria a redenção do Nordeste. Da mesma forma a Transamazônica. Eu me lembro que o Coronel Andreaza dizia que a Transamazônica iria resolver o problema no Nordeste porque ia estabelecer uma ponte com a Amazônia cheia de água. Então, o povo do Nordeste vive sendo enganado, desculpe, é uma constatação. Eu acredito que a indústria da seca é que está por trás desse projeto de transposição. A indústria da seca não tem nenhum compromisso com a população, os açudes não resolveram os problemas. Por que se esquece a bacia de São Francisco, que tem terras boas e água, para levar água para uma região que tem terras piores, longe, em uma altitude enorme e que tem água suficiente? Todos os estudos que eu tenho mostram que o Nordeste semi-árido tem água suficiente. O problema é que ela não é distribuída, ela está concentrada, e esse projeto de transposição vai levar mais águas para onde já tem. O Rio Grande do Norte não precisa mais de água, é só questão de gestão. Se o senhor diz, por exemplo, que o povo do Nordeste, do semi-árido, passa fome, passa sede, eu concordo com o senhor. Do mesmo jeito, se eu levar água para o Nordeste e ficar nos açudes e naqueles rios, que os proprietários já tomaram conta, as pessoas vão morrer de miséria a cinco quilômetros do rio como morre no rio São Francisco. O problema do Brasil é de inclusão social, eu não posso acreditar que levando supermercado para uma área de miséria eu vou resolver o problema da fome, porque as pessoas não vão ter como comprar aquele alimento. A água é inacessível à população do Nordeste porque a população que mais sofre com a seca está dispersa. Então, eu gostaria de colocar para o senhor o seguinte: por que o senhor não pensou antes na revitalização da bacia de São Francisco para trazer de volta os peixes as condições de vida, despoluir os rios? O projeto de revitalização que o senhor mencionou, ele não é um projeto, por exemplo, para a transposição. Tem um projeto de engenharia, que custou mais de 70 milhões de reais até agora, segundo informação do vice-presidente José Alencar, paga por grupos de consultoria, que têm persistido nisso desde 1982, quando o Andreazza apresentou na convenção do PDS . A proposta de fazer a transposição, ela vem sendo engordada ao longo desse tempo, mas ela realmente não está ligada com irrigação na bacia de São Francisco. Os projetos estão paralisados na bacia de São Francisco. Então, eu acredito que em um programa de televisão como esse, onde a gente tem pouco tempo para falar, eu acredito que o senhor deveria tomar a iniciativa de reunir pessoas do governo com pessoas do comitê. Uma reunião de procurar entender melhor e tentar evoluir numa política de tentar achar uma solução. Porque todos somos a favor de resolver o problema do sertanejo, ninguém está querendo negar água para o Nordeste. É que a água que já foi para lá, com os açudes, a água dos açudes, acumulada, não está resolvendo os problemas do nordestino. O senhor defendeu a transposição do Tocantins na eleição de 1998. Então, é o seguinte, nós estamos em uma questão de deficiência de eletricidade, nós, para fazer essa transposição, vamos gastar mais ou menos uma e meia represa de Três Marias , que é o que nós vamos ter de perda de 300 metros de queda. Essa água retirada não vai produzir eletricidade, como a energia para fazer a transposição. São muitos dados técnicos, eu não quero ficar aqui discutindo vazão e tal, porque a população que está vendo isso aí ela quer saber porque vocês querem fazer a transposição sem pensar na revitalização do rio que está agonizante e por que prioriza transposição e não prioriza irrigação na própria bacia? Então, eu acredito que nós estamos diante de uma discussão muito profunda. O senhor tenta descaracterizar dizendo que não há problemas, que todo mundo quer o bem do país, mas eu acho difícil. O senhor devia perguntar por que há tanta resistência do meio intelectual, dos cientistas, da área técnica. Eu não conheço nenhum grande hidrólogo, geólogo que está a favor da transposição. Eu acho que isso aí deveria levar o senhor a fazer uma reflexão, porque eu acho que o presidente Lula respeita muito o senhor e ele pode estar fazendo uma obra que vai passar para a história como a Transamazônica passou para o governo militar. Eu gostaria de saber, do senhor, se seria possível um entendimento entre governo e o comitê de bacias. O comitê de bacias tem 40% dos empresários da região, 33% de governo municipal, estadual e federal, e 27% da sociedade civil, é o organismo mais indicado para discutir os múltiplos usos da água da bacia. Então, eu não entendo porque o governo Lula quer passar por cima da decisão do comitê. Porque está passando por cima, não tenha dúvida. O comitê se sente desprestigiado, desvalorizado, despudorado, se eu poderia usar essa palavra. Eles estão rompendo com a posição histórica do PT. Então, que o governo tenha com a gente, que é contra a transposição, a mesma paciência e diplomacia que ele está tendo com os grandes empresários, que sempre combateram o Lula, que está tendo com o FMI , que está tendo com agronegócio. Nós queremos ser tratados pelo menos igual ele trata esses setores, e não está tratando, por favor, não diga que está. As audiências públicas foram uma tentativa de farsa para legalizar o ritual da transposição, como é que eles faziam uma apresentação de uma hora e meia e depois dava dois, três minutos para as pessoas falarem alguma coisa? Um estado igual a Minas Gerais, como é que eu vou trazer os interessados na transposição para uma reunião num auditório com 200 pessoas? Não tem condições de fazer uma discussão. O comitê representa as comunidades da bacia do São Francisco, passando por cima do comitê, aí não tem condições. Israel tem 200 mil hectares irrigados, porque eles têm conhecimento, tecnologia e tem gerenciamento. A cultura do Nordeste é de desperdício na distribuição de água pela empresa de saneamento, há um desperdício na irrigação, há falta de conhecimento, é tudo isso que está junto. Nós não estamos querendo reduzir o problema da miséria do Nordeste a um problema de ordem de engenharia, é uma questão social de distribuição de renda, de acesso aos bens.",91,Se sentiu à vontade para falar o que tinha vontade de tudo? Não lhe interrompi.,ANSWERS,evades,evades
196,Ciro Gomes,14/02/2005,110,Apolo Heringer Lisboa,O presidente Lula participaria também?,111,"O presidente Lula tem o momento de falar e falará com quem necessário for. O presidente Lula nunca se recusou, caramba, espera aí um pouquinho. Nós estamos discutindo aqui e parece que não estamos na frente do povo brasileiro. Aqui quer se empurrar, goela abaixo, que está sobrando água no Nordeste semi-árido. Pelo amor de Deus, Deus nos proteja de uma seca continuada de três anos para a gente não ter que demonstrar de novo, na prática. Isso que é uma evidência científica, a característica do semi-árido, a característica do semi- árido... mas o problema de você ter reservação depois de um ciclo de cheia de 30, 35 bilhões de coisas...",ANSWERS,answers,partial
197,Ciro Gomes,14/02/2005,126,Apolo Heringer Lisboa,Com que verba?,127,"Desculpa, sim ou não?",ANSWERS,,evades
198,Ciro Gomes,14/02/2005,128,Apolo Heringer Lisboa,Com que verba?,129,"Você está querendo falar que é pouco, o dinheiro?",PARTIAL,evades,evades
199,Ciro Gomes,14/02/2005,130,Apolo Heringer Lisboa,"O que é revitalização, ministro?",131,Você quer dizer que é pouco dinheiro?,PARTIAL,,evades
200,Ciro Gomes,14/02/2005,132,Apolo Heringer Lisboa,O que é revitalização?,133,"Revitalização, eu vou lhe dizer o que é, despoluir e o rio das Velhas é o maior vetor de poluição.",ANSWERS,,responds
201,Ciro Gomes,14/02/2005,146,Apolo Heringer Lisboa,"Com que rubrica, com que projeto?",147,Da revitalização do São Francisco.,PARTIAL,,responds
202,Ciro Gomes,14/02/2005,148,Apolo Heringer Lisboa,E qual é o plano?,149,"É o começo do projeto, é o começo, porque nós temos que fazer planos, temos que fazer projeto de reposição, tem já viveiro de mudas, aí as pessoas dizem: “Ah, só são 200 mil mudas no primeiro momento”. Humildemente eu reconheço, é muito pouco, mas são só as primeiras 200 mil para repor mata ciliar. Mas esse ano vamos multiplicar por cinco o valor.",PARTIAL,answers,responds
203,Ciro Gomes,14/02/2005,158,Apolo Heringer Lisboa,Qual é do projeto?,159,"Está no Ministério da Integração, você me interrompeu, eu vou te dar agora o endereço, se você quiser eu te mando por carta, mas pode ser qualquer brasileiro: www.integracao.gov.br, lá tem uma janela, São Francisco, e não é um janela passiva, é uma janela ativa, lá você pode esculhambar... o plano de bacia que contempla esse vetor. Esses números são tirados do plano de bacias feito pelo comitê de bacias, meu querido, você precisa se atualizar na sua informação.",ANSWERS,,partial
204,Ciro Gomes,14/02/2005,176,Paulo Markun,"Perfeito, muito bem, também acho que é prudente, mas de todo modo, quando a notícia foi publicada, o senhor disse que não havia tido conhecimento da sentença definitiva da condenação e, portanto, não poderia comentar. Como eu já sei que o senhor teve a notícia da sentença, eu queria saber...",177,"Eu continuo sem razão nenhuma para comentar, porque o Henrique Santillo morreu, e eu tenho profundo respeito pela memória dele, pela memória e pelo sofrimento da sua família e isso não é assunto para tratar.",ANSWERS,,evades
205,Ciro Gomes,14/02/2005,179,Maria Cristina Fernandes,"Ministro, quando o senhor assumiu o governo, assumiu o Ministério, o senhor disse que não estava preparado, à época em que o senhor foi candidato, para ser presidente da República. Que experiência o senhor acha que o senhor está tendo agora no Ministério que o credenciará a voltar a disputar esse cargo em 2006, 2010. O que nesse governo estaria credenciando o senhor a pleitear isso?",180,"Nada me credencia, a não ser uma vontade que eu tenho, evidentemente, de aprender, de aprender sempre, todo dia, aprender com os meus erros. Não foram poucos os que eu cometi, nenhum deles freqüenta o campo moral, isso eu posso andar com tranqüilidade no Brasil inteiro. Sou tratado com muito respeito no país, mas eu acho que, pelo menos, apresentei uma visão muito tosca da mudança que eu ansiava para o Brasil. Acho que eu calculei mal, e nisso eu fui pouco humilde, eu acredito, e isso foi uma lição que aprendi, foi uma lição para mim. O presidente Lula foi o oposto, absolutamente sábio e humilde, quando percebeu o tamanho do antagonismo, quando escreveu aquela Carta aos Brasileiros , que eu chamei carta aos banqueiros imediatamente porque eu fiquei indignado. Mas eu hoje vejo que a mudança pode ser buscada com um pouco mais de tato, um pouco mais de paciência, às vezes muitas pessoas vêem nisso uma contradição, mas eu não vejo, eu estou aprendendo todo dia.",ANSWERS,answers,responds
206,Ciro Gomes,14/02/2005,181,Maria Cristina Fernandes,O senhor é candidato a que em 2006?,182,Acho que a nada.,PARTIAL,,responds
